id,personId1,personId2
1,1,251
2,1,126
3,1,376
4,1,64
5,1,189
6,1,314
7,1,439
8,1,32
9,1,95
10,1,157
11,1,220
12,1,282
13,1,345
14,1,407
15,1,470
16,1,17
17,1,48
18,1,79
19,1,110
20,1,142
21,1,173
22,1,204
23,1,235
24,1,267
25,1,298
26,1,329
27,1,360
28,1,392
29,1,423
30,1,454
31,1,485
32,1,9
33,1,24
34,1,40
35,1,56
36,1,71
37,1,87
38,1,103
39,1,118
40,1,134
41,1,149
42,1,165
43,1,181
44,1,196
45,1,212
46,1,228
47,1,243
48,1,259
49,1,274
50,1,290
51,1,306
52,1,321
53,1,337
54,1,353
55,1,368
56,1,384
57,1,399
58,1,415
59,1,431
60,1,446
61,1,462
62,1,478
63,1,493
64,1,5
65,1,13
66,1,21
67,1,28
68,1,36
69,1,44
70,1,52
71,1,60
72,1,67
73,1,75
74,1,83
75,1,91
76,1,99
77,1,106
78,1,114
79,1,122
80,1,130
81,1,138
82,1,146
83,1,153
84,1,161
85,1,169
86,1,177
87,1,185
88,1,192
89,1,200
90,1,208
91,1,216
92,1,224
93,1,231
94,1,239
95,1,247
96,1,255
97,1,263
98,1,271
99,1,278
100,1,286
101,1,294
102,1,302
103,1,310
104,1,317
105,1,325
106,1,333
107,1,341
108,1,349
109,1,356
110,1,364
111,1,372
112,1,380
113,1,388
114,1,396
115,1,403
116,1,411
117,1,419
118,1,427
119,1,435
120,1,442
121,1,450
122,1,458
123,1,466
124,1,474
125,1,481
126,1,489
127,1,497
128,1,3
129,1,7
130,1,11
131,1,15
132,1,19
133,1,22
134,1,26
135,1,30
136,1,34
137,1,38
138,1,42
139,1,46
140,1,50
141,1,54
142,1,58
143,1,62
144,1,65
145,1,69
146,1,73
147,1,77
148,1,81
149,1,85
150,1,89
151,1,93
152,1,97
153,1,101
154,1,105
155,1,108
156,1,112
157,1,116
158,1,120
159,1,124
160,1,128
161,1,132
162,1,136
163,1,140
164,1,144
165,1,147
166,1,151
167,1,155
168,1,159
169,1,163
170,1,167
171,1,171
172,1,175
173,1,179
174,1,183
175,1,187
176,1,190
177,1,194
178,1,198
179,1,202
180,1,206
181,1,210
182,1,214
183,1,218
184,1,222
185,1,226
186,1,230
187,1,233
188,1,237
189,1,241
190,1,245
191,1,249
192,1,253
193,1,257
194,1,261
195,2,251
196,2,127
197,2,376
198,2,64
199,2,189
200,2,314
201,2,439
202,2,33
203,2,96
204,2,158
205,2,220
206,2,283
207,2,345
208,2,407
209,2,18
210,2,49
211,2,80
212,2,111
213,2,142
214,2,174
215,2,205
216,2,236
217,2,267
218,2,298
219,2,329
220,2,361
221,2,392
222,2,423
223,2,10
224,2,25
225,2,41
226,2,57
227,2,72
228,2,88
229,2,103
230,2,119
231,2,135
232,2,150
233,2,166
234,2,181
235,2,197
236,2,213
237,2,228
238,2,244
239,2,259
240,2,275
241,2,290
242,2,306
243,2,322
244,2,337
245,2,353
246,2,368
247,2,384
248,2,400
249,2,415
250,2,431
251,2,6
252,2,14
253,2,21
254,2,29
255,2,37
256,2,45
257,2,53
258,2,60
259,2,68
260,2,76
261,2,84
262,2,92
263,2,99
264,2,107
265,2,115
266,2,123
267,2,131
268,2,138
269,2,146
270,2,154
271,2,162
272,2,170
273,2,177
274,2,185
275,2,193
276,2,201
277,2,209
278,2,216
279,2,224
280,2,232
281,2,240
282,2,248
283,2,255
284,2,263
285,2,271
286,2,279
287,2,287
288,3,252
289,3,128
290,3,377
291,3,65
292,3,190
293,3,314
294,3,34
295,3,96
296,3,159
297,3,221
298,3,283
299,3,345
300,3,408
301,3,19
302,3,50
303,3,81
304,3,112
305,3,143
306,3,174
307,3,205
308,3,236
309,3,268
310,3,299
311,3,330
312,3,361
313,3,392
314,3,11
315,3,26
316,3,42
317,3,57
318,3,73
319,3,89
320,3,104
321,3,120
322,3,135
323,3,151
324,3,166
325,3,182
326,3,198
327,3,213
328,3,229
329,3,244
330,3,260
331,3,275
332,3,291
333,3,306
334,3,322
335,3,338
336,3,353
337,3,369
338,3,384
339,3,400
340,3,447
341,3,7
342,3,15
343,3,22
344,3,30
345,3,38
346,3,46
347,3,54
348,3,61
349,3,69
350,3,77
351,3,85
352,3,92
353,3,100
354,3,108
355,3,116
356,3,124
357,3,131
358,3,139
359,3,147
360,3,155
361,3,163
362,3,170
363,3,178
364,3,186
365,3,194
366,3,201
367,3,209
368,3,217
369,3,225
370,3,233
371,3,240
372,3,248
373,3,256
374,3,264
375,3,271
376,4,252
377,4,128
378,4,377
379,4,66
380,4,190
381,4,315
382,4,35
383,4,97
384,4,159
385,4,221
386,4,284
387,4,346
388,4,408
389,4,20
390,4,51
391,4,82
392,4,113
393,4,144
394,4,175
395,4,206
396,4,237
397,4,268
398,4,299
399,4,330
400,4,361
401,4,12
402,4,27
403,4,43
404,4,58
405,4,74
406,4,89
407,4,105
408,4,120
409,4,136
410,4,152
411,4,167
412,4,183
413,4,198
414,4,214
415,4,229
416,4,245
417,4,260
418,4,276
419,4,291
420,4,307
421,4,322
422,4,338
423,4,353
424,4,369
425,4,385
426,4,416
427,4,8
428,4,16
429,4,23
430,4,31
431,4,39
432,4,47
433,4,54
434,4,62
435,4,70
436,4,78
437,4,86
438,4,93
439,4,101
440,4,109
441,4,117
442,4,124
443,4,132
444,4,140
445,4,148
446,4,155
447,4,163
448,4,171
449,4,179
450,4,186
451,4,194
452,4,202
453,4,210
454,4,218
455,4,225
456,4,233
457,4,241
458,4,249
459,4,256
460,4,264
461,4,272
462,4,280
463,4,287
464,5,253
465,5,129
466,5,377
467,5,67
468,5,191
469,5,315
470,5,36
471,5,98
472,5,160
473,5,222
474,5,284
475,5,346
476,5,21
477,5,52
478,5,83
479,5,114
480,5,145
481,5,176
482,5,207
483,5,238
484,5,269
485,5,300
486,5,331
487,5,362
488,5,393
489,5,424
490,5,455
491,5,486
492,5,13
493,5,28
494,5,44
495,5,59
496,5,75
497,5,90
498,5,106
499,5,121
500,5,137
501,5,152
502,5,168
503,5,183
504,5,199
505,5,214
506,5,230
507,5,245
508,5,261
509,5,276
510,5,292
511,5,307
512,5,323
513,5,338
514,5,354
515,5,369
516,5,385
517,5,416
518,5,9
519,5,17
520,5,24
521,5,32
522,5,40
523,5,48
524,5,55
525,5,63
526,5,71
527,5,79
528,5,86
529,5,94
530,5,102
531,5,110
532,5,117
533,5,125
534,5,133
535,5,141
536,5,148
537,5,156
538,5,164
539,5,172
540,5,179
541,5,187
542,5,195
543,6,253
544,6,130
545,6,68
546,6,192
547,6,315
548,6,37
549,6,99
550,6,161
551,6,223
552,6,284
553,6,346
554,6,21
555,6,52
556,6,83
557,6,114
558,6,145
559,6,176
560,6,207
561,6,238
562,6,269
563,6,300
564,6,331
565,6,362
566,6,393
567,6,424
568,6,14
569,6,29
570,6,45
571,6,60
572,6,76
573,6,91
574,6,107
575,6,122
576,6,137
577,6,153
578,6,168
579,6,184
580,6,199
581,6,215
582,6,230
583,6,246
584,6,261
585,6,277
586,6,292
587,6,308
588,6,323
589,6,339
590,6,354
591,6,370
592,6,385
593,6,10
594,6,18
595,6,25
596,6,33
597,6,41
598,6,49
599,6,56
600,6,64
601,6,72
602,6,79
603,6,87
604,6,95
605,6,103
606,6,110
607,6,118
608,6,126
609,6,134
610,6,141
611,6,149
612,6,157
613,6,165
614,6,172
615,6,180
616,6,188
617,6,195
618,6,203
619,6,211
620,6,219
621,7,254
622,7,131
623,7,378
624,7,69
625,7,192
626,7,316
627,7,38
628,7,100
629,7,161
630,7,223
631,7,285
632,7,347
633,7,22
634,7,53
635,7,84
636,7,115
637,7,146
638,7,177
639,7,208
640,7,239
641,7,269
642,7,300
643,7,331
644,7,362
645,7,393
646,7,15
647,7,30
648,7,46
649,7,61
650,7,76
651,7,92
652,7,107
653,7,123
654,7,138
655,7,154
656,7,169
657,7,185
658,7,200
659,7,215
660,7,231
661,7,246
662,7,262
663,7,277
664,7,293
665,7,308
666,7,323
667,7,339
668,7,354
669,7,370
670,7,401
671,7,432
672,7,11
673,7,19
674,7,26
675,7,34
676,7,42
677,7,49
678,7,57
679,7,65
680,7,73
681,7,80
682,7,88
683,7,96
684,7,103
685,7,111
686,7,119
687,7,127
688,7,134
689,7,142
690,7,150
691,7,158
692,7,165
693,7,173
694,7,181
695,7,188
696,7,196
697,7,204
698,8,254
699,8,131
700,8,378
701,8,70
702,8,193
703,8,316
704,8,39
705,8,100
706,8,162
707,8,224
708,8,285
709,8,347
710,8,409
711,8,23
712,8,54
713,8,85
714,8,116
715,8,147
716,8,177
717,8,208
718,8,239
719,8,270
720,8,301
721,8,332
722,8,362
723,8,16
724,8,31
725,8,47
726,8,62
727,8,77
728,8,93
729,8,108
730,8,124
731,8,139
732,8,154
733,8,170
734,8,185
735,8,201
736,8,216
737,8,231
738,8,247
739,8,262
740,8,278
741,8,293
742,8,308
743,8,324
744,8,339
745,8,355
746,8,370
747,8,401
748,8,432
749,8,12
750,8,20
751,8,27
752,8,35
753,8,43
754,8,50
755,8,58
756,8,66
757,8,73
758,8,81
759,8,89
760,8,97
761,8,104
762,8,112
763,8,120
764,8,127
765,8,135
766,8,143
767,8,151
768,9,255
769,9,132
770,9,378
771,9,71
772,9,194
773,9,317
774,9,440
775,9,40
776,9,101
777,9,163
778,9,224
779,9,286
780,9,347
781,9,409
782,9,24
783,9,55
784,9,86
785,9,117
786,9,147
787,9,178
788,9,209
789,9,240
790,9,270
791,9,301
792,9,332
793,9,363
794,9,17
795,9,32
796,9,47
797,9,63
798,9,78
799,9,94
800,9,109
801,9,124
802,9,140
803,9,155
804,9,170
805,9,186
806,9,201
807,9,217
808,9,232
809,9,247
810,9,263
811,9,278
812,9,293
813,9,309
814,9,324
815,9,340
816,9,355
817,9,386
818,9,463
819,9,13
820,9,21
821,9,28
822,9,36
823,9,44
824,9,51
825,9,59
826,9,67
827,9,74
828,9,82
829,9,90
830,9,97
831,9,105
832,9,113
833,9,120
834,10,255
835,10,133
836,10,71
837,10,194
838,10,317
839,10,440
840,10,41
841,10,102
842,10,163
843,10,225
844,10,286
845,10,348
846,10,25
847,10,56
848,10,87
849,10,117
850,10,148
851,10,179
852,10,209
853,10,240
854,10,271
855,10,302
856,10,332
857,10,363
858,10,394
859,10,18
860,10,33
861,10,48
862,10,64
863,10,79
864,10,94
865,10,110
866,10,125
867,10,140
868,10,156
869,10,171
870,10,186
871,10,202
872,10,217
873,10,232
874,10,248
875,10,263
876,10,279
877,10,294
878,10,309
879,10,325
880,10,340
881,10,355
882,10,371
883,10,386
884,10,417
885,10,14
886,10,22
887,10,29
888,10,37
889,10,45
890,10,52
891,10,60
892,10,68
893,10,75
894,10,83
895,10,91
896,10,98
897,10,106
898,11,256
899,11,134
900,11,379
901,11,72
902,11,195
903,11,317
904,11,42
905,11,103
906,11,164
907,11,225
908,11,287
909,11,348
910,11,26
911,11,57
912,11,88
913,11,118
914,11,149
915,11,179
916,11,210
917,11,241
918,11,271
919,11,302
920,11,333
921,11,363
922,11,394
923,11,19
924,11,34
925,11,49
926,11,65
927,11,80
928,11,95
929,11,111
930,11,126
931,11,141
932,11,156
933,11,172
934,11,187
935,11,202
936,11,218
937,11,233
938,11,248
939,11,264
940,11,279
941,11,294
942,11,310
943,11,325
944,11,340
945,11,356
946,11,371
947,11,386
948,11,417
949,11,15
950,11,22
951,11,30
952,11,38
953,11,45
954,11,53
955,11,61
956,11,68
957,11,76
958,12,256
959,12,134
960,12,379
961,12,73
962,12,195
963,12,318
964,12,43
965,12,104
966,12,165
967,12,226
968,12,287
969,12,348
970,12,27
971,12,58
972,12,88
973,12,119
974,12,150
975,12,180
976,12,211
977,12,241
978,12,272
979,12,302
980,12,333
981,12,363
982,12,394
983,12,425
984,12,20
985,12,35
986,12,50
987,12,65
988,12,81
989,12,96
990,12,111
991,12,127
992,12,142
993,12,157
994,12,172
995,12,188
996,12,203
997,12,218
998,12,234
999,12,249
1000,12,264
1001,12,279
1002,12,295
1003,12,310
1004,12,325
1005,12,341
1006,12,356
1007,12,371
1008,12,402
1009,12,448
1010,12,16
1011,12,23
1012,12,31
1013,12,39
1014,12,46
1015,12,54
1016,13,257
1017,13,135
1018,13,379
1019,13,74
1020,13,196
1021,13,318
1022,13,44
1023,13,105
1024,13,166
1025,13,227
1026,13,288
1027,13,349
1028,13,410
1029,13,471
1030,13,28
1031,13,59
1032,13,89
1033,13,120
1034,13,150
1035,13,181
1036,13,211
1037,13,242
1038,13,272
1039,13,303
1040,13,333
1041,13,364
1042,13,425
1043,13,21
1044,13,36
1045,13,51
1046,13,66
1047,13,82
1048,13,97
1049,13,112
1050,13,127
1051,13,143
1052,13,158
1053,13,173
1054,13,188
1055,13,204
1056,13,219
1057,13,234
1058,13,249
1059,13,265
1060,13,280
1061,13,295
1062,13,310
1063,13,326
1064,13,341
1065,13,356
1066,14,257
1067,14,136
1068,14,75
1069,14,197
1070,14,318
1071,14,44
1072,14,105
1073,14,166
1074,14,227
1075,14,288
1076,14,349
1077,14,410
1078,14,29
1079,14,60
1080,14,90
1081,14,121
1082,14,151
1083,14,181
1084,14,212
1085,14,242
1086,14,273
1087,14,303
1088,14,334
1089,14,364
1090,14,22
1091,14,37
1092,14,52
1093,14,67
1094,14,82
1095,14,98
1096,14,113
1097,14,128
1098,14,143
1099,14,159
1100,14,174
1101,14,189
1102,14,204
1103,14,219
1104,14,235
1105,14,250
1106,14,265
1107,14,280
1108,14,296
1109,14,311
1110,14,326
1111,14,341
1112,14,372
1113,14,387
1114,14,402
1115,14,433
1116,15,258
1117,15,137
1118,15,380
1119,15,76
1120,15,197
1121,15,319
1122,15,45
1123,15,106
1124,15,167
1125,15,228
1126,15,288
1127,15,349
1128,15,30
1129,15,61
1130,15,91
1131,15,121
1132,15,152
1133,15,182
1134,15,212
1135,15,243
1136,15,273
1137,15,304
1138,15,334
1139,15,364
1140,15,395
1141,15,23
1142,15,38
1143,15,53
1144,15,68
1145,15,83
1146,15,99
1147,15,114
1148,15,129
1149,15,144
1150,15,159
1151,15,174
1152,15,190
1153,15,205
1154,15,220
1155,15,235
1156,15,250
1157,15,266
1158,15,281
1159,15,296
1160,15,311
1161,15,326
1162,16,258
1163,16,137
1164,16,380
1165,16,77
1166,16,198
1167,16,319
1168,16,46
1169,16,107
1170,16,168
1171,16,228
1172,16,289
1173,16,31
1174,16,61
1175,16,92
1176,16,122
1177,16,152
1178,16,183
1179,16,213
1180,16,243
1181,16,274
1182,16,304
1183,16,334
1184,16,365
1185,16,395
1186,16,456
1187,16,24
1188,16,39
1189,16,54
1190,16,69
1191,16,84
1192,16,99
1193,16,115
1194,16,130
1195,16,145
1196,16,160
1197,16,175
1198,16,190
1199,16,205
1200,16,221
1201,16,236
1202,16,251
1203,16,266
1204,16,281
1205,16,296
1206,16,312
1207,16,327
1208,17,259
1209,17,138
1210,17,78
1211,17,199
1212,17,320
1213,17,441
1214,17,47
1215,17,108
1216,17,168
1217,17,229
1218,17,289
1219,17,350
1220,17,32
1221,17,62
1222,17,93
1223,17,123
1224,17,153
1225,17,183
1226,17,214
1227,17,244
1228,17,274
1229,17,304
1230,17,335
1231,17,365
1232,17,25
1233,17,40
1234,17,55
1235,17,70
1236,17,85
1237,17,100
1238,17,115
1239,17,130
1240,17,146
1241,17,161
1242,17,176
1243,17,191
1244,17,206
1245,17,221
1246,17,236
1247,17,251
1248,17,267
1249,17,282
1250,17,297
1251,18,259
1252,18,139
1253,18,78
1254,18,199
1255,18,320
1256,18,441
1257,18,48
1258,18,109
1259,18,169
1260,18,229
1261,18,290
1262,18,350
1263,18,33
1264,18,63
1265,18,93
1266,18,124
1267,18,154
1268,18,184
1269,18,214
1270,18,244
1271,18,275
1272,18,305
1273,18,335
1274,18,365
1275,18,426
1276,18,26
1277,18,41
1278,18,56
1279,18,71
1280,18,86
1281,18,101
1282,18,116
1283,18,131
1284,18,146
1285,18,161
1286,18,176
1287,18,192
1288,18,207
1289,18,222
1290,18,237
1291,18,252
1292,19,260
1293,19,140
1294,19,381
1295,19,79
1296,19,200
1297,19,320
1298,19,49
1299,19,109
1300,19,170
1301,19,230
1302,19,290
1303,19,350
1304,19,411
1305,19,34
1306,19,64
1307,19,94
1308,19,124
1309,19,155
1310,19,185
1311,19,215
1312,19,245
1313,19,275
1314,19,305
1315,19,335
1316,19,365
1317,19,396
1318,19,426
1319,19,27
1320,19,42
1321,19,57
1322,19,72
1323,19,87
1324,19,102
1325,19,117
1326,19,132
1327,19,147
1328,19,162
1329,19,177
1330,20,260
1331,20,140
1332,20,381
1333,20,80
1334,20,200
1335,20,321
1336,20,50
1337,20,110
1338,20,170
1339,20,230
1340,20,291
1341,20,351
1342,20,35
1343,20,65
1344,20,95
1345,20,125
1346,20,155
1347,20,185
1348,20,215
1349,20,245
1350,20,276
1351,20,306
1352,20,336
1353,20,366
1354,20,28
1355,20,43
1356,20,58
1357,20,73
1358,20,88
1359,20,103
1360,20,118
1361,20,133
1362,20,148
1363,20,163
1364,20,178
1365,20,193
1366,20,208
1367,20,223
1368,20,238
1369,21,261
1370,21,141
1371,21,381
1372,21,81
1373,21,201
1374,21,321
1375,21,51
1376,21,111
1377,21,171
1378,21,231
1379,21,291
1380,21,351
1381,21,36
1382,21,66
1383,21,96
1384,21,126
1385,21,156
1386,21,186
1387,21,216
1388,21,246
1389,21,276
1390,21,306
1391,21,336
1392,21,366
1393,21,29
1394,21,44
1395,21,59
1396,21,74
1397,21,89
1398,21,104
1399,21,119
1400,21,134
1401,21,149
1402,21,164
1403,21,179
1404,21,194
1405,22,261
1406,22,142
1407,22,82
1408,22,202
1409,22,321
1410,22,52
1411,22,112
1412,22,172
1413,22,232
1414,22,291
1415,22,351
1416,22,37
1417,22,67
1418,22,97
1419,22,127
1420,22,157
1421,22,187
1422,22,217
1423,22,247
1424,22,276
1425,22,336
1426,22,366
1427,22,29
1428,22,44
1429,22,59
1430,22,74
1431,22,89
1432,22,104
1433,22,119
1434,22,134
1435,22,149
1436,22,164
1437,22,179
1438,22,194
1439,22,209
1440,23,262
1441,23,143
1442,23,382
1443,23,83
1444,23,202
1445,23,322
1446,23,53
1447,23,113
1448,23,172
1449,23,232
1450,23,292
1451,23,352
1452,23,38
1453,23,68
1454,23,98
1455,23,128
1456,23,157
1457,23,187
1458,23,217
1459,23,247
1460,23,277
1461,23,307
1462,23,337
1463,23,367
1464,23,30
1465,23,45
1466,23,60
1467,23,75
1468,23,90
1469,23,105
1470,23,120
1471,23,135
1472,23,150
1473,23,165
1474,23,180
1475,23,195
1476,24,262
1477,24,143
1478,24,382
1479,24,84
1480,24,203
1481,24,322
1482,24,54
1483,24,113
1484,24,173
1485,24,233
1486,24,292
1487,24,352
1488,24,412
1489,24,39
1490,24,69
1491,24,99
1492,24,128
1493,24,158
1494,24,188
1495,24,218
1496,24,248
1497,24,277
1498,24,307
1499,24,337
1500,24,367
1501,24,397
1502,24,31
1503,24,46
1504,24,61
1505,24,76
1506,24,91
1507,24,106
1508,24,121
1509,24,136
1510,24,151
1511,24,166
1512,25,263
1513,25,144
1514,25,382
1515,25,85
1516,25,204
1517,25,323
1518,25,442
1519,25,55
1520,25,114
1521,25,174
1522,25,233
1523,25,293
1524,25,352
1525,25,412
1526,25,40
1527,25,70
1528,25,99
1529,25,129
1530,25,159
1531,25,189
1532,25,218
1533,25,248
1534,25,278
1535,25,308
1536,25,367
1537,25,397
1538,25,427
1539,25,32
1540,25,47
1541,25,62
1542,25,77
1543,25,92
1544,25,107
1545,25,122
1546,25,137
1547,26,263
1548,26,145
1549,26,85
1550,26,204
1551,26,323
1552,26,56
1553,26,115
1554,26,174
1555,26,234
1556,26,293
1557,26,41
1558,26,71
1559,26,100
1560,26,130
1561,26,160
1562,26,189
1563,26,219
1564,26,249
1565,26,278
1566,26,308
1567,26,338
1568,26,367
1569,26,33
1570,26,48
1571,26,63
1572,26,78
1573,26,93
1574,26,108
1575,26,122
1576,26,137
1577,26,152
1578,26,167
1579,26,182
1580,26,197
1581,27,264
1582,27,146
1583,27,383
1584,27,86
1585,27,205
1586,27,57
1587,27,116
1588,27,175
1589,27,234
1590,27,294
1591,27,42
1592,27,71
1593,27,101
1594,27,131
1595,27,160
1596,27,190
1597,27,220
1598,27,249
1599,27,279
1600,27,368
1601,27,457
1602,27,34
1603,27,49
1604,27,64
1605,27,79
1606,27,94
1607,27,108
1608,27,123
1609,27,138
1610,27,153
1611,27,168
1612,27,183
1613,27,197
1614,27,212
1615,27,227
1616,28,264
1617,28,146
1618,28,383
1619,28,87
1620,28,205
1621,28,324
1622,28,58
1623,28,117
1624,28,176
1625,28,235
1626,28,294
1627,28,43
1628,28,72
1629,28,102
1630,28,131
1631,28,161
1632,28,191
1633,28,220
1634,28,250
1635,28,279
1636,28,309
1637,28,368
1638,28,398
1639,28,35
1640,28,50
1641,28,65
1642,28,80
1643,28,95
1644,28,109
1645,28,124
1646,28,139
1647,28,154
1648,29,265
1649,29,147
1650,29,383
1651,29,88
1652,29,206
1653,29,324
1654,29,59
1655,29,118
1656,29,177
1657,29,236
1658,29,295
1659,29,354
1660,29,413
1661,29,472
1662,29,44
1663,29,73
1664,29,103
1665,29,132
1666,29,162
1667,29,191
1668,29,221
1669,29,250
1670,29,280
1671,29,309
1672,29,339
1673,29,398
1674,29,36
1675,29,51
1676,29,66
1677,29,81
1678,29,95
1679,30,265
1680,30,148
1681,30,89
1682,30,207
1683,30,324
1684,30,59
1685,30,118
1686,30,177
1687,30,236
1688,30,295
1689,30,413
1690,30,45
1691,30,74
1692,30,104
1693,30,133
1694,30,162
1695,30,192
1696,30,221
1697,30,251
1698,30,280
1699,30,310
1700,30,369
1701,30,37
1702,30,52
1703,30,67
1704,30,82
1705,30,96
1706,30,111
1707,30,126
1708,30,140
1709,31,266
1710,31,149
1711,31,90
1712,31,207
1713,31,325
1714,31,60
1715,31,119
1716,31,178
1717,31,237
1718,31,295
1719,31,46
1720,31,75
1721,31,104
1722,31,134
1723,31,163
1724,31,193
1725,31,222
1726,31,251
1727,31,281
1728,31,428
1729,31,38
1730,31,53
1731,31,68
1732,31,82
1733,31,97
1734,31,112
1735,31,126
1736,31,141
1737,31,156
1738,31,171
1739,31,185
1740,32,266
1741,32,149
1742,32,91
1743,32,208
1744,32,61
1745,32,120
1746,32,179
1747,32,237
1748,32,296
1749,32,47
1750,32,76
1751,32,105
1752,32,135
1753,32,164
1754,32,193
1755,32,223
1756,32,252
1757,32,281
1758,32,340
1759,32,428
1760,32,39
1761,32,54
1762,32,69
1763,32,83
1764,32,98
1765,32,113
1766,32,127
1767,32,142
1768,32,157
1769,32,171
1770,33,267
1771,33,150
1772,33,92
1773,33,209
1774,33,326
1775,33,443
1776,33,62
1777,33,121
1778,33,179
1779,33,238
1780,33,296
1781,33,355
1782,33,48
1783,33,77
1784,33,106
1785,33,135
1786,33,165
1787,33,194
1788,33,223
1789,33,252
1790,33,282
1791,33,311
1792,33,399
1793,33,40
1794,33,55
1795,33,70
1796,33,84
1797,33,99
1798,33,113
1799,34,267
1800,34,151
1801,34,92
1802,34,209
1803,34,326
1804,34,443
1805,34,63
1806,34,122
1807,34,180
1808,34,238
1809,34,297
1810,34,49
1811,34,78
1812,34,107
1813,34,136
1814,34,165
1815,34,195
1816,34,224
1817,34,253
1818,34,282
1819,34,311
1820,34,41
1821,34,56
1822,34,70
1823,34,85
1824,34,100
1825,34,114
1826,35,268
1827,35,152
1828,35,93
1829,35,210
1830,35,64
1831,35,122
1832,35,181
1833,35,239
1834,35,297
1835,35,414
1836,35,50
1837,35,79
1838,35,108
1839,35,137
1840,35,166
1841,35,195
1842,35,224
1843,35,253
1844,35,283
1845,35,312
1846,35,42
1847,35,57
1848,35,71
1849,35,86
1850,35,101
1851,35,115
1852,35,130
1853,35,144
1854,36,268
1855,36,152
1856,36,94
1857,36,210
1858,36,327
1859,36,65
1860,36,123
1861,36,181
1862,36,239
1863,36,298
1864,36,414
1865,36,51
1866,36,80
1867,36,109
1868,36,138
1869,36,167
1870,36,196
1871,36,225
1872,36,254
1873,36,283
1874,36,312
1875,36,43
1876,36,58
1877,36,72
1878,36,87
1879,36,101
1880,36,116
1881,37,269
1882,37,153
1883,37,95
1884,37,211
1885,37,327
1886,37,66
1887,37,124
1888,37,182
1889,37,240
1890,37,298
1891,37,52
1892,37,81
1893,37,110
1894,37,139
1895,37,168
1896,37,197
1897,37,226
1898,37,255
1899,37,284
1900,37,313
1901,37,342
1902,37,429
1903,37,487
1904,37,44
1905,37,59
1906,37,73
1907,37,88
1908,38,269
1909,38,154
1910,38,96
1911,38,212
1912,38,327
1913,38,67
1914,38,125
1915,38,183
1916,38,241
1917,38,298
1918,38,52
1919,38,81
1920,38,110
1921,38,139
1922,38,168
1923,38,197
1924,38,226
1925,38,255
1926,38,284
1927,38,313
1928,38,342
1929,38,429
1930,38,45
1931,38,60
1932,38,74
1933,39,270
1934,39,155
1935,39,97
1936,39,212
1937,39,328
1938,39,68
1939,39,126
1940,39,183
1941,39,241
1942,39,299
1943,39,357
1944,39,53
1945,39,82
1946,39,111
1947,39,140
1948,39,169
1949,39,198
1950,39,227
1951,39,256
1952,39,284
1953,39,313
1954,39,342
1955,39,46
1956,39,61
1957,39,75
1958,40,270
1959,40,155
1960,40,98
1961,40,213
1962,40,328
1963,40,69
1964,40,126
1965,40,184
1966,40,242
1967,40,299
1968,40,357
1969,40,54
1970,40,83
1971,40,112
1972,40,141
1973,40,170
1974,40,198
1975,40,227
1976,40,256
1977,40,285
1978,40,314
1979,40,343
1980,40,47
1981,40,62
1982,40,76
1983,41,271
1984,41,156
1985,41,99
1986,41,214
1987,41,329
1988,41,444
1989,41,70
1990,41,127
1991,41,185
1992,41,242
1993,41,300
1994,41,357
1995,41,55
1996,41,84
1997,41,113
1998,41,142
1999,41,170
2000,41,199
2001,41,228
2002,41,257
2003,41,285
2004,41,314
2005,41,343
2006,41,372
2007,41,48
2008,42,271
2009,42,157
2010,42,99
2011,42,214
2012,42,329
2013,42,71
2014,42,128
2015,42,185
2016,42,243
2017,42,300
2018,42,358
2019,42,56
2020,42,85
2021,42,114
2022,42,142
2023,42,171
2024,42,200
2025,42,228
2026,42,257
2027,42,286
2028,42,315
2029,42,343
2030,42,49
2031,42,64
2032,43,272
2033,43,158
2034,43,387
2035,43,100
2036,43,215
2037,43,329
2038,43,72
2039,43,129
2040,43,186
2041,43,243
2042,43,301
2043,43,358
2044,43,57
2045,43,86
2046,43,115
2047,43,143
2048,43,172
2049,43,200
2050,43,229
2051,43,258
2052,43,286
2053,43,315
2054,43,344
2055,43,50
2056,43,64
2057,44,272
2058,44,158
2059,44,387
2060,44,101
2061,44,215
2062,44,330
2063,44,73
2064,44,130
2065,44,187
2066,44,244
2067,44,301
2068,44,358
2069,44,58
2070,44,87
2071,44,115
2072,44,144
2073,44,173
2074,44,201
2075,44,230
2076,44,258
2077,44,287
2078,45,273
2079,45,159
2080,45,102
2081,45,216
2082,45,330
2083,45,74
2084,45,131
2085,45,188
2086,45,245
2087,45,302
2088,45,359
2089,45,473
2090,45,59
2091,45,88
2092,45,116
2093,45,145
2094,45,173
2095,45,202
2096,45,230
2097,45,259
2098,45,287
2099,45,316
2100,46,273
2101,46,160
2102,46,103
2103,46,217
2104,46,330
2105,46,74
2106,46,131
2107,46,188
2108,46,245
2109,46,359
2110,46,60
2111,46,89
2112,46,117
2113,46,146
2114,46,174
2115,46,202
2116,46,231
2117,46,259
2118,46,288
2119,46,316
2120,46,345
2121,46,373
2122,47,274
2123,47,161
2124,47,388
2125,47,104
2126,47,217
2127,47,331
2128,47,75
2129,47,132
2130,47,189
2131,47,246
2132,47,359
2133,47,61
2134,47,90
2135,47,118
2136,47,146
2137,47,175
2138,47,203
2139,47,231
2140,47,260
2141,47,288
2142,47,317
2143,47,373
2144,48,274
2145,48,161
2146,48,388
2147,48,105
2148,48,218
2149,48,331
2150,48,76
2151,48,133
2152,48,190
2153,48,246
2154,48,303
2155,48,359
2156,48,62
2157,48,90
2158,48,119
2159,48,147
2160,48,175
2161,48,204
2162,48,232
2163,48,260
2164,48,289
2165,48,374
2166,49,275
2167,49,162
2168,49,106
2169,49,219
2170,49,332
2171,49,445
2172,49,77
2173,49,134
2174,49,190
2175,49,247
2176,49,303
2177,49,360
2178,49,63
2179,49,91
2180,49,120
2181,49,148
2182,49,176
2183,49,204
2184,49,233
2185,49,261
2186,49,289
2187,50,275
2188,50,163
2189,50,106
2190,50,219
2191,50,332
2192,50,78
2193,50,135
2194,50,191
2195,50,247
2196,50,304
2197,50,360
2198,50,64
2199,50,92
2200,50,120
2201,50,149
2202,50,177
2203,50,205
2204,50,233
2205,50,261
2206,50,290
2207,51,276
2208,51,164
2209,51,389
2210,51,107
2211,51,220
2212,51,79
2213,51,135
2214,51,192
2215,51,248
2216,51,304
2217,51,360
2218,51,65
2219,51,93
2220,51,121
2221,51,149
2222,51,178
2223,51,206
2224,51,234
2225,51,262
2226,51,290
2227,51,318
2228,51,346
2229,52,164
2230,52,389
2231,52,108
2232,52,220
2233,52,333
2234,52,80
2235,52,136
2236,52,192
2237,52,305
2238,52,361
2239,52,66
2240,52,94
2241,52,122
2242,52,150
2243,52,178
2244,52,206
2245,52,234
2246,52,262
2247,53,277
2248,53,165
2249,53,389
2250,53,109
2251,53,221
2252,53,81
2253,53,137
2254,53,193
2255,53,249
2256,53,305
2257,53,67
2258,53,95
2259,53,123
2260,53,151
2261,53,179
2262,53,207
2263,53,235
2264,53,263
2265,53,291
2266,53,319
2267,54,277
2268,54,166
2269,54,110
2270,54,222
2271,54,82
2272,54,138
2273,54,194
2274,54,250
2275,54,305
2276,54,68
2277,54,96
2278,54,124
2279,54,152
2280,54,180
2281,54,208
2282,54,236
2283,54,264
2284,54,319
2285,55,278
2286,55,167
2287,55,390
2288,55,111
2289,55,222
2290,55,334
2291,55,83
2292,55,139
2293,55,194
2294,55,250
2295,55,69
2296,55,97
2297,55,125
2298,55,153
2299,55,180
2300,55,208
2301,55,236
2302,55,292
2303,55,320
2304,55,348
2305,55,376
2306,56,167
2307,56,390
2308,56,112
2309,56,223
2310,56,334
2311,56,84
2312,56,139
2313,56,195
2314,56,251
2315,56,418
2316,56,70
2317,56,98
2318,56,126
2319,56,153
2320,56,181
2321,56,209
2322,56,237
2323,56,265
2324,56,292
2325,56,320
2326,57,168
2327,57,390
2328,57,113
2329,57,224
2330,57,335
2331,57,85
2332,57,140
2333,57,196
2334,57,307
2335,57,418
2336,57,71
2337,57,99
2338,57,126
2339,57,154
2340,57,182
2341,57,210
2342,57,237
2343,57,265
2344,57,293
2345,58,169
2346,58,113
2347,58,224
2348,58,335
2349,58,86
2350,58,141
2351,58,196
2352,58,252
2353,58,72
2354,58,100
2355,58,127
2356,58,155
2357,58,183
2358,58,210
2359,58,238
2360,58,266
2361,58,321
2362,58,404
2363,58,459
2364,59,280
2365,59,170
2366,59,391
2367,59,114
2368,59,225
2369,59,87
2370,59,142
2371,59,197
2372,59,252
2373,59,73
2374,59,100
2375,59,128
2376,59,156
2377,59,183
2378,59,211
2379,59,239
2380,59,266
2381,60,170
2382,60,391
2383,60,115
2384,60,225
2385,60,336
2386,60,88
2387,60,143
2388,60,198
2389,60,253
2390,60,74
2391,60,101
2392,60,129
2393,60,156
2394,60,184
2395,60,212
2396,60,239
2397,60,267
2398,61,281
2399,61,171
2400,61,391
2401,61,116
2402,61,226
2403,61,89
2404,61,144
2405,61,199
2406,61,254
2407,61,309
2408,61,419
2409,61,75
2410,61,102
2411,61,130
2412,61,157
2413,61,185
2414,61,212
2415,62,281
2416,62,172
2417,62,117
2418,62,227
2419,62,89
2420,62,144
2421,62,199
2422,62,254
2423,62,76
2424,62,103
2425,62,131
2426,62,158
2427,62,185
2428,62,213
2429,62,240
2430,62,268
2431,62,295
2432,62,350
2433,63,282
2434,63,173
2435,63,118
2436,63,227
2437,63,90
2438,63,145
2439,63,200
2440,63,255
2441,63,77
2442,63,104
2443,63,131
2444,63,159
2445,63,186
2446,63,214
2447,63,241
2448,63,268
2449,63,296
2450,63,405
2451,63,433
2452,64,282
2453,64,173
2454,64,119
2455,64,228
2456,64,91
2457,64,146
2458,64,201
2459,64,78
2460,64,105
2461,64,132
2462,64,160
2463,64,187
2464,64,214
2465,64,242
2466,64,269
2467,65,283
2468,65,174
2469,65,120
2470,65,229
2471,65,92
2472,65,147
2473,65,201
2474,65,256
2475,65,79
2476,65,106
2477,65,133
2478,65,160
2479,65,188
2480,65,215
2481,65,242
2482,65,269
2483,66,283
2484,66,175
2485,66,120
2486,66,229
2487,66,93
2488,66,148
2489,66,202
2490,66,311
2491,66,80
2492,66,107
2493,66,134
2494,66,161
2495,66,188
2496,66,216
2497,66,243
2498,66,270
2499,66,297
2500,66,351
2501,67,176
2502,67,121
2503,67,230
2504,67,94
2505,67,148
2506,67,203
2507,67,257
2508,67,420
2509,67,81
2510,67,108
2511,67,135
2512,67,162
2513,67,189
2514,67,216
2515,67,243
2516,67,270
2517,67,298
2518,68,176
2519,68,122
2520,68,95
2521,68,149
2522,68,203
2523,68,257
2524,68,312
2525,68,366
2526,68,420
2527,68,82
2528,68,109
2529,68,136
2530,68,163
2531,68,190
2532,68,217
2533,69,285
2534,69,177
2535,69,123
2536,69,231
2537,69,96
2538,69,150
2539,69,204
2540,69,258
2541,69,312
2542,69,83
2543,69,110
2544,69,137
2545,69,164
2546,69,191
2547,69,218
2548,69,272
2549,70,285
2550,70,178
2551,70,124
2552,70,232
2553,70,97
2554,70,151
2555,70,205
2556,70,259
2557,70,83
2558,70,110
2559,70,137
2560,70,164
2561,70,191
2562,70,218
2563,70,272
2564,70,299
2565,71,286
2566,71,179
2567,71,125
2568,71,232
2569,71,98
2570,71,152
2571,71,205
2572,71,313
2573,71,84
2574,71,111
2575,71,138
2576,71,165
2577,71,192
2578,71,219
2579,72,126
2580,72,99
2581,72,152
2582,72,206
2583,72,260
2584,72,313
2585,72,421
2586,72,85
2587,72,112
2588,72,139
2589,72,166
2590,72,193
2591,72,219
2592,72,246
2593,72,273
2594,72,300
2595,73,180
2596,73,127
2597,73,234
2598,73,100
2599,73,153
2600,73,207
2601,73,421
2602,73,86
2603,73,113
2604,73,140
2605,73,167
2606,73,193
2607,73,220
2608,74,181
2609,74,127
2610,74,234
2611,74,101
2612,74,154
2613,74,207
2614,74,87
2615,74,114
2616,74,141
2617,74,167
2618,74,221
2619,74,274
2620,74,301
2621,75,288
2622,75,182
2623,75,128
2624,75,235
2625,75,102
2626,75,155
2627,75,208
2628,75,88
2629,75,115
2630,75,142
2631,75,168
2632,75,195
2633,75,221
2634,75,275
2635,76,182
2636,76,129
2637,76,235
2638,76,342
2639,76,103
2640,76,156
2641,76,209
2642,76,262
2643,76,89
2644,76,116
2645,76,142
2646,76,169
2647,76,196
2648,77,289
2649,77,183
2650,77,130
2651,77,104
2652,77,157
2653,77,210
2654,77,316
2655,77,422
2656,77,475
2657,77,90
2658,77,117
2659,77,143
2660,77,170
2661,77,196
2662,77,223
2663,78,289
2664,78,184
2665,78,131
2666,78,237
2667,78,104
2668,78,157
2669,78,210
2670,78,422
2671,78,91
2672,78,118
2673,78,144
2674,78,171
2675,78,197
2676,78,223
2677,78,250
2678,79,132
2679,79,343
2680,79,105
2681,79,158
2682,79,211
2683,79,92
2684,79,119
2685,79,145
2686,79,171
2687,79,198
2688,79,224
2689,79,303
2690,79,435
2691,80,133
2692,80,238
2693,80,106
2694,80,159
2695,80,212
2696,80,93
2697,80,119
2698,80,146
2699,80,172
2700,80,198
2701,80,225
2702,80,488
2703,80,87
2704,80,100
2705,81,186
2706,81,134
2707,81,239
2708,81,344
2709,81,449
2710,81,107
2711,81,160
2712,81,265
2713,81,94
2714,81,120
2715,81,147
2716,81,173
2717,82,187
2718,82,134
2719,82,344
2720,82,108
2721,82,161
2722,82,213
2723,82,318
2724,82,95
2725,82,121
2726,82,147
2727,82,174
2728,82,200
2729,83,188
2730,83,135
2731,83,240
2732,83,344
2733,83,109
2734,83,161
2735,83,266
2736,83,96
2737,83,122
2738,83,148
2739,83,174
2740,84,136
2741,84,240
2742,84,110
2743,84,162
2744,84,319
2745,84,97
2746,84,123
2747,84,149
2748,84,175
2749,84,201
2750,84,227
2751,84,253
2752,84,358
2753,84,436
2754,85,189
2755,85,137
2756,85,241
2757,85,111
2758,85,163
2759,85,215
2760,85,267
2761,85,98
2762,85,124
2763,85,150
2764,85,176
2765,86,190
2766,86,138
2767,86,242
2768,86,112
2769,86,164
2770,86,216
2771,86,268
2772,86,99
2773,86,125
2774,86,151
2775,86,177
2776,86,203
2777,87,294
2778,87,191
2779,87,139
2780,87,113
2781,87,165
2782,87,216
2783,87,100
2784,87,126
2785,87,152
2786,87,178
2787,87,203
2788,88,191
2789,88,140
2790,88,114
2791,88,165
2792,88,217
2793,88,101
2794,88,127
2795,88,153
2796,88,178
2797,88,204
2798,88,436
2799,89,192
2800,89,141
2801,89,244
2802,89,347
2803,89,115
2804,89,166
2805,89,102
2806,89,128
2807,89,153
2808,90,193
2809,90,141
2810,90,244
2811,90,116
2812,90,167
2813,90,270
2814,90,373
2815,90,103
2816,90,129
2817,90,154
2818,90,180
2819,90,206
2820,91,142
2821,91,117
2822,91,168
2823,91,219
2824,91,104
2825,91,129
2826,91,155
2827,91,181
2828,91,206
2829,91,258
2830,91,437
2831,91,97
2832,92,143
2833,92,118
2834,92,169
2835,92,220
2836,92,105
2837,92,130
2838,92,156
2839,92,181
2840,92,207
2841,92,258
2842,93,297
2843,93,195
2844,93,144
2845,93,246
2846,93,119
2847,93,170
2848,93,374
2849,93,476
2850,93,106
2851,93,131
2852,94,297
2853,94,196
2854,94,145
2855,94,119
2856,94,374
2857,94,107
2858,94,132
2859,94,158
2860,94,208
2861,94,437
2862,94,100
2863,95,197
2864,95,146
2865,95,120
2866,95,171
2867,95,222
2868,95,273
2869,95,108
2870,95,133
2871,95,158
2872,95,184
2873,96,147
2874,96,121
2875,96,172
2876,96,223
2877,96,273
2878,96,109
2879,96,134
2880,96,159
2881,96,235
2882,96,438
2883,97,299
2884,97,198
2885,97,148
2886,97,451
2887,97,122
2888,97,173
2889,97,274
2890,97,375
2891,98,199
2892,98,148
2893,98,123
2894,98,174
2895,98,375
2896,98,111
2897,98,136
2898,98,161
2899,98,186
2900,98,211
2901,99,200
2902,99,149
2903,99,124
2904,99,375
2905,99,112
2906,99,137
2907,100,200
2908,100,150
2909,100,125
2910,100,175
2911,100,113
2912,100,138
2913,101,301
2914,101,201
2915,101,151
2916,101,126
2917,101,176
2918,101,226
2919,101,114
2920,101,139
2921,102,202
2922,102,152
2923,102,127
2924,102,177
2925,102,114
2926,102,139
2927,102,164
2928,102,189
2929,102,464
2930,102,108
2931,102,121
2932,103,203
2933,103,153
2934,103,352
2935,103,128
2936,103,178
2937,103,327
2938,103,115
2939,104,203
2940,104,154
2941,104,129
2942,104,178
2943,104,228
2944,104,116
2945,105,155
2946,105,254
2947,105,452
2948,105,130
2949,105,229
2950,105,328
2951,105,117
2952,106,205
2953,106,155
2954,106,254
2955,106,131
2956,106,180
2957,106,328
2958,106,118
2959,107,206
2960,107,403
2961,107,156
2962,107,132
2963,107,119
2964,107,144
2965,107,169
2966,107,193
2967,108,157
2968,108,133
2969,108,182
2970,108,231
2971,108,120
2972,108,145
2973,109,207
2974,109,158
2975,109,134
2976,109,477
2977,109,121
2978,109,146
2979,109,115
2980,109,127
2981,110,208
2982,110,159
2983,110,134
2984,110,122
2985,110,147
2986,110,171
2987,111,404
2988,111,160
2989,111,135
2990,111,184
2991,111,123
2992,111,148
2993,112,136
2994,112,124
2995,112,148
2996,112,173
2997,112,465
2998,112,118
2999,113,162
3000,113,453
3001,113,137
3002,113,186
3003,114,211
3004,114,162
3005,114,138
3006,114,187
3007,114,126
3008,115,405
3009,115,163
3010,115,139
3011,115,187
3012,116,164
3013,116,357
3014,116,140
3015,116,128
3016,116,152
3017,116,176
3018,117,213
3019,117,165
3020,117,141
3021,117,189
3022,117,129
3023,117,153
3024,118,166
3025,118,142
3026,118,238
3027,118,130
3028,118,154
3029,119,215
3030,119,406
3031,119,167
3032,120,406
3033,121,169
3034,121,145
3035,121,192
3036,121,430
3037,121,133
3038,122,169
3039,122,146
3040,122,430
3041,122,158
3042,123,147
3043,123,135
3044,123,158
3045,123,182
3046,123,129
3047,123,141
3048,124,136
3049,124,159
3050,125,172
3051,125,149
3052,125,196
3053,125,137
3054,125,160
3055,125,184
3056,125,131
3057,125,143
3058,126,138
3059,126,132
3060,127,150
3061,127,139
3062,128,175
3063,128,151
3064,128,140
3065,129,222
3066,129,199
3067,129,141
3068,129,187
3069,130,153
3070,130,142
3071,130,211
3072,132,144
3073,132,167
3074,132,213
3075,132,328
3076,133,156
3077,133,145
3078,133,168
3079,133,191
3080,133,467
3081,135,169
3082,135,490
3083,136,182
3084,136,147
3085,136,199
3086,136,222
3087,137,160
3088,138,144
3089,138,166
3090,140,163
3091,141,186
3092,143,434
3093,143,479
3094,143,154
3095,144,166
3096,145,434
3097,145,156
3098,145,468
3099,150,496
3100,150,169
3101,151,162
3102,151,184
3103,154,157
3104,157,480
3105,160,213
3106,162,226
3107,168,491
3108,175,460
3109,180,461
3110,180,438
3111,182,184
3112,184,226
3113,469,483
3114,482,484
3115,492,494
3116,495,498
3117,499,500
