id,personId,webpageId
3118,1,751
3119,1,626
3120,1,876
3121,1,564
3122,1,689
3123,1,814
3124,1,939
3125,1,532
3126,1,595
3127,1,657
3128,1,720
3129,1,782
3130,1,845
3131,1,907
3132,1,970
3133,1,517
3134,1,548
3135,1,579
3136,1,610
3137,1,642
3138,1,673
3139,1,704
3140,1,735
3141,1,767
3142,1,798
3143,1,829
3144,1,860
3145,1,892
3146,1,923
3147,1,954
3148,1,985
3149,1,509
3150,1,524
3151,1,540
3152,1,556
3153,1,571
3154,1,587
3155,1,603
3156,1,618
3157,1,634
3158,1,649
3159,1,665
3160,1,681
3161,1,696
3162,1,712
3163,1,728
3164,1,743
3165,1,759
3166,1,774
3167,1,790
3168,1,806
3169,1,821
3170,1,837
3171,1,853
3172,1,868
3173,1,884
3174,1,899
3175,1,915
3176,1,931
3177,1,946
3178,1,962
3179,1,978
3180,1,993
3181,1,505
3182,1,513
3183,1,521
3184,1,528
3185,1,536
3186,1,544
3187,1,552
3188,1,560
3189,1,567
3190,1,575
3191,1,583
3192,1,591
3193,1,599
3194,1,606
3195,1,614
3196,1,622
3197,1,630
3198,1,638
3199,1,646
3200,1,653
3201,1,661
3202,1,669
3203,1,677
3204,1,685
3205,2,751
3206,2,627
3207,2,876
3208,2,564
3209,2,689
3210,2,814
3211,2,939
3212,2,533
3213,2,596
3214,2,658
3215,2,720
3216,2,783
3217,2,845
3218,2,907
3219,2,970
3220,2,518
3221,2,549
3222,2,580
3223,2,611
3224,2,642
3225,2,674
3226,2,705
3227,2,736
3228,2,767
3229,2,798
3230,2,829
3231,2,861
3232,2,892
3233,2,923
3234,2,954
3235,2,985
3236,2,510
3237,2,525
3238,2,541
3239,2,557
3240,2,572
3241,2,588
3242,2,603
3243,2,619
3244,2,635
3245,2,650
3246,2,666
3247,2,681
3248,2,697
3249,2,713
3250,2,728
3251,2,744
3252,2,759
3253,2,775
3254,2,790
3255,2,806
3256,2,822
3257,3,752
3258,3,628
3259,3,877
3260,3,565
3261,3,690
3262,3,814
3263,3,939
3264,3,534
3265,3,596
3266,3,659
3267,3,721
3268,3,783
3269,3,845
3270,3,908
3271,3,970
3272,3,519
3273,3,550
3274,3,581
3275,3,612
3276,3,643
3277,3,674
3278,3,705
3279,3,736
3280,3,768
3281,3,799
3282,3,830
3283,3,861
3284,3,892
3285,3,923
3286,3,954
3287,3,985
3288,3,511
3289,3,526
3290,3,542
3291,3,557
3292,3,573
3293,3,589
3294,3,604
3295,3,620
3296,3,635
3297,3,651
3298,3,666
3299,3,682
3300,3,698
3301,3,713
3302,3,729
3303,3,744
3304,3,760
3305,3,775
3306,4,752
3307,4,628
3308,4,877
3309,4,566
3310,4,690
3311,4,815
3312,4,939
3313,4,535
3314,4,597
3315,4,659
3316,4,721
3317,4,784
3318,4,846
3319,4,908
3320,4,970
3321,4,520
3322,4,551
3323,4,582
3324,4,613
3325,4,644
3326,4,675
3327,4,706
3328,4,737
3329,4,768
3330,4,799
3331,4,830
3332,4,861
3333,4,892
3334,4,923
3335,4,954
3336,4,985
3337,4,512
3338,4,527
3339,4,543
3340,4,558
3341,4,574
3342,4,589
3343,4,605
3344,4,620
3345,4,636
3346,4,652
3347,4,667
3348,5,753
3349,5,629
3350,5,877
3351,5,567
3352,5,691
3353,5,815
3354,5,939
3355,5,536
3356,5,598
3357,5,660
3358,5,722
3359,5,784
3360,5,846
3361,5,908
3362,5,970
3363,5,521
3364,5,552
3365,5,583
3366,5,614
3367,5,645
3368,5,676
3369,5,707
3370,5,738
3371,5,769
3372,5,800
3373,5,831
3374,5,862
3375,5,893
3376,5,924
3377,5,955
3378,5,986
3379,5,513
3380,5,528
3381,5,544
3382,5,559
3383,5,575
3384,5,590
3385,5,606
3386,5,621
3387,5,637
3388,5,652
3389,5,668
3390,6,753
3391,6,630
3392,6,877
3393,6,568
3394,6,692
3395,6,815
3396,6,939
3397,6,537
3398,6,599
3399,6,661
3400,6,723
3401,6,784
3402,6,846
3403,6,908
3404,6,970
3405,6,521
3406,6,552
3407,6,583
3408,6,614
3409,6,645
3410,6,676
3411,6,707
3412,6,738
3413,6,769
3414,6,800
3415,6,831
3416,6,862
3417,6,893
3418,6,924
3419,6,955
3420,6,986
3421,6,514
3422,6,529
3423,6,545
3424,6,560
3425,6,576
3426,6,591
3427,6,607
3428,6,622
3429,6,637
3430,7,754
3431,7,631
3432,7,878
3433,7,569
3434,7,692
3435,7,816
3436,7,939
3437,7,538
3438,7,600
3439,7,661
3440,7,723
3441,7,785
3442,7,847
3443,7,908
3444,7,970
3445,7,522
3446,7,553
3447,7,584
3448,7,615
3449,7,646
3450,7,677
3451,7,708
3452,7,739
3453,7,769
3454,7,800
3455,7,831
3456,7,862
3457,7,893
3458,7,924
3459,7,955
3460,7,986
3461,7,515
3462,7,530
3463,7,546
3464,7,561
3465,7,576
3466,7,592
3467,7,607
3468,7,623
3469,8,754
3470,8,631
3471,8,878
3472,8,570
3473,8,693
3474,8,816
3475,8,939
3476,8,539
3477,8,600
3478,8,662
3479,8,724
3480,8,785
3481,8,847
3482,8,909
3483,8,970
3484,8,523
3485,8,554
3486,8,585
3487,8,616
3488,8,647
3489,8,677
3490,8,708
3491,8,739
3492,8,770
3493,8,801
3494,8,832
3495,8,862
3496,8,893
3497,8,924
3498,8,955
3499,8,986
3500,8,516
3501,8,531
3502,8,547
3503,8,562
3504,8,577
3505,8,593
3506,8,608
3507,9,755
3508,9,632
3509,9,878
3510,9,571
3511,9,694
3512,9,817
3513,9,940
3514,9,540
3515,9,601
3516,9,663
3517,9,724
3518,9,786
3519,9,847
3520,9,909
3521,9,970
3522,9,524
3523,9,555
3524,9,586
3525,9,617
3526,9,647
3527,9,678
3528,9,709
3529,9,740
3530,9,770
3531,9,801
3532,9,832
3533,9,863
3534,9,893
3535,9,924
3536,9,955
3537,9,986
3538,9,517
3539,9,532
3540,9,547
3541,9,563
3542,9,578
3543,9,594
3544,10,755
3545,10,633
3546,10,878
3547,10,571
3548,10,694
3549,10,817
3550,10,940
3551,10,541
3552,10,602
3553,10,663
3554,10,725
3555,10,786
3556,10,848
3557,10,909
3558,10,970
3559,10,525
3560,10,556
3561,10,587
3562,10,617
3563,10,648
3564,10,679
3565,10,709
3566,10,740
3567,10,771
3568,10,802
3569,10,832
3570,10,863
3571,10,894
3572,10,924
3573,10,955
3574,10,986
3575,10,518
3576,10,533
3577,10,548
3578,10,564
3579,11,756
3580,11,634
3581,11,879
3582,11,572
3583,11,695
3584,11,817
3585,11,940
3586,11,542
3587,11,603
3588,11,664
3589,11,725
3590,11,787
3591,11,848
3592,11,909
3593,11,970
3594,11,526
3595,11,557
3596,11,588
3597,11,618
3598,11,649
3599,11,679
3600,11,710
3601,11,741
3602,11,771
3603,11,802
3604,11,833
3605,11,863
3606,11,894
3607,11,924
3608,11,955
3609,11,986
3610,12,756
3611,12,634
3612,12,879
3613,12,573
3614,12,695
3615,12,818
3616,12,940
3617,12,543
3618,12,604
3619,12,665
3620,12,726
3621,12,787
3622,12,848
3623,12,909
3624,12,970
3625,12,527
3626,12,558
3627,12,588
3628,12,619
3629,12,650
3630,12,680
3631,12,711
3632,12,741
3633,12,772
3634,12,802
3635,12,833
3636,12,863
3637,12,894
3638,12,925
3639,12,955
3640,13,757
3641,13,635
3642,13,879
3643,13,574
3644,13,696
3645,13,818
3646,13,940
3647,13,544
3648,13,605
3649,13,666
3650,13,727
3651,13,788
3652,13,849
3653,13,910
3654,13,971
3655,13,528
3656,13,559
3657,13,589
3658,13,620
3659,13,650
3660,13,681
3661,13,711
3662,13,742
3663,13,772
3664,13,803
3665,13,833
3666,13,864
3667,13,894
3668,13,925
3669,14,757
3670,14,636
3671,14,879
3672,14,575
3673,14,697
3674,14,818
3675,14,940
3676,14,544
3677,14,605
3678,14,666
3679,14,727
3680,14,788
3681,14,849
3682,14,910
3683,14,971
3684,14,529
3685,14,560
3686,14,590
3687,14,621
3688,14,651
3689,14,681
3690,14,712
3691,14,742
3692,14,773
3693,14,803
3694,14,834
3695,14,864
3696,14,894
3697,14,925
3698,15,758
3699,15,637
3700,15,880
3701,15,576
3702,15,697
3703,15,819
3704,15,940
3705,15,545
3706,15,606
3707,15,667
3708,15,728
3709,15,788
3710,15,849
3711,15,910
3712,15,971
3713,15,530
3714,15,561
3715,15,591
3716,15,621
3717,15,652
3718,15,682
3719,15,712
3720,15,743
3721,15,773
3722,15,804
3723,15,834
3724,15,864
3725,16,758
3726,16,637
3727,16,880
3728,16,577
3729,16,698
3730,16,819
3731,16,940
3732,16,546
3733,16,607
3734,16,668
3735,16,728
3736,16,789
3737,16,849
3738,16,910
3739,16,971
3740,16,531
3741,16,561
3742,16,592
3743,16,622
3744,16,652
3745,16,683
3746,16,713
3747,16,743
3748,16,774
3749,16,804
3750,16,834
3751,17,759
3752,17,638
3753,17,880
3754,17,578
3755,17,699
3756,17,820
3757,17,941
3758,17,547
3759,17,608
3760,17,668
3761,17,729
3762,17,789
3763,17,850
3764,17,910
3765,17,971
3766,17,532
3767,17,562
3768,17,593
3769,17,623
3770,17,653
3771,17,683
3772,17,714
3773,17,744
3774,17,774
3775,17,804
3776,17,835
3777,18,759
3778,18,639
3779,18,880
3780,18,578
3781,18,699
3782,18,820
3783,18,941
3784,18,548
3785,18,609
3786,18,669
3787,18,729
3788,18,790
3789,18,850
3790,18,910
3791,18,971
3792,18,533
3793,18,563
3794,18,593
3795,18,624
3796,18,654
3797,18,684
3798,18,714
3799,18,744
3800,18,775
3801,19,760
3802,19,640
3803,19,881
3804,19,579
3805,19,700
3806,19,820
3807,19,941
3808,19,549
3809,19,609
3810,19,670
3811,19,730
3812,19,790
3813,19,850
3814,19,911
3815,19,971
3816,19,534
3817,19,564
3818,19,594
3819,19,624
3820,19,655
3821,19,685
3822,19,715
3823,19,745
3824,19,775
3825,20,760
3826,20,640
3827,20,881
3828,20,580
3829,20,700
3830,20,821
3831,20,941
3832,20,550
3833,20,610
3834,20,670
3835,20,730
3836,20,791
3837,20,851
3838,20,911
3839,20,971
3840,20,535
3841,20,565
3842,20,595
3843,20,625
3844,20,655
3845,20,685
3846,20,715
3847,20,745
3848,20,776
3849,21,761
3850,21,641
3851,21,881
3852,21,581
3853,21,701
3854,21,821
3855,21,941
3856,21,551
3857,21,611
3858,21,671
3859,21,731
3860,21,791
3861,21,851
3862,21,911
3863,21,971
3864,21,536
3865,21,566
3866,21,596
3867,21,626
3868,21,656
3869,21,686
3870,21,716
3871,22,761
3872,22,642
3873,22,881
3874,22,582
3875,22,702
3876,22,821
3877,22,941
3878,22,552
3879,22,612
3880,22,672
3881,22,732
3882,22,791
3883,22,851
3884,22,911
3885,22,971
3886,22,537
3887,22,567
3888,22,597
3889,22,627
3890,22,657
3891,22,687
3892,22,717
3893,23,762
3894,23,643
3895,23,882
3896,23,583
3897,23,702
3898,23,822
3899,23,941
3900,23,553
3901,23,613
3902,23,672
3903,23,732
3904,23,792
3905,23,852
3906,23,911
3907,23,971
3908,23,538
3909,23,568
3910,23,598
3911,23,628
3912,23,657
3913,23,687
3914,24,762
3915,24,643
3916,24,882
3917,24,584
3918,24,703
3919,24,822
3920,24,941
3921,24,554
3922,24,613
3923,24,673
3924,24,733
3925,24,792
3926,24,852
3927,24,912
3928,24,971
3929,24,539
3930,24,569
3931,24,599
3932,24,628
3933,24,658
3934,25,763
3935,25,644
3936,25,882
3937,25,585
3938,25,704
3939,25,823
3940,25,942
3941,25,555
3942,25,614
3943,25,674
3944,25,733
3945,25,793
3946,25,852
3947,25,912
3948,25,971
3949,25,540
3950,25,570
3951,25,599
3952,25,629
3953,25,659
3954,26,763
3955,26,645
3956,26,882
3957,26,585
3958,26,704
3959,26,823
3960,26,942
3961,26,556
3962,26,615
3963,26,674
3964,26,734
3965,26,793
3966,26,853
3967,26,912
3968,26,971
3969,26,541
3970,26,571
3971,26,600
3972,26,630
3973,26,660
3974,27,764
3975,27,646
3976,27,883
3977,27,586
3978,27,705
3979,27,823
3980,27,942
3981,27,557
3982,27,616
3983,27,675
3984,27,734
3985,27,794
3986,27,853
3987,27,912
3988,27,971
3989,27,542
3990,27,571
3991,27,601
3992,27,631
3993,28,764
3994,28,646
3995,28,883
3996,28,587
3997,28,705
3998,28,824
3999,28,942
4000,28,558
4001,28,617
4002,28,676
4003,28,735
4004,28,794
4005,28,853
4006,28,912
4007,28,971
4008,28,543
4009,28,572
4010,28,602
4011,28,631
4012,29,765
4013,29,647
4014,29,883
4015,29,588
4016,29,706
4017,29,824
4018,29,942
4019,29,559
4020,29,618
4021,29,677
4022,29,736
4023,29,795
4024,29,854
4025,29,913
4026,29,972
4027,29,544
4028,29,573
4029,29,603
4030,29,632
4031,30,765
4032,30,648
4033,30,883
4034,30,589
4035,30,707
4036,30,824
4037,30,942
4038,30,559
4039,30,618
4040,30,677
4041,30,736
4042,30,795
4043,30,854
4044,30,913
4045,30,972
4046,30,545
4047,30,574
4048,30,604
4049,31,766
4050,31,649
4051,31,884
4052,31,590
4053,31,707
4054,31,825
4055,31,942
4056,31,560
4057,31,619
4058,31,678
4059,31,737
4060,31,795
4061,31,854
4062,31,913
4063,31,972
4064,31,546
4065,31,575
4066,31,604
4067,32,766
4068,32,649
4069,32,884
4070,32,591
4071,32,708
4072,32,825
4073,32,942
4074,32,561
4075,32,620
4076,32,679
4077,32,737
4078,32,796
4079,32,854
4080,32,913
4081,32,972
4082,32,547
4083,32,576
4084,33,767
4085,33,650
4086,33,884
4087,33,592
4088,33,709
4089,33,826
4090,33,943
4091,33,562
4092,33,621
4093,33,679
4094,33,738
4095,33,796
4096,33,855
4097,33,913
4098,33,972
4099,33,548
4100,33,577
4101,34,767
4102,34,651
4103,34,884
4104,34,592
4105,34,709
4106,34,826
4107,34,943
4108,34,563
4109,34,622
4110,34,680
4111,34,738
4112,34,797
4113,34,855
4114,34,913
4115,34,972
4116,34,549
4117,34,578
4118,35,768
4119,35,652
4120,35,885
4121,35,593
4122,35,710
4123,35,826
4124,35,943
4125,35,564
4126,35,622
4127,35,681
4128,35,739
4129,35,797
4130,35,855
4131,35,914
4132,35,972
4133,35,550
4134,35,579
4135,36,768
4136,36,652
4137,36,885
4138,36,594
4139,36,710
4140,36,827
4141,36,943
4142,36,565
4143,36,623
4144,36,681
4145,36,739
4146,36,798
4147,36,856
4148,36,914
4149,36,972
4150,36,551
4151,36,580
4152,37,769
4153,37,653
4154,37,885
4155,37,595
4156,37,711
4157,37,827
4158,37,943
4159,37,566
4160,37,624
4161,37,682
4162,37,740
4163,37,798
4164,37,856
4165,37,914
4166,37,972
4167,37,552
4168,38,769
4169,38,654
4170,38,885
4171,38,596
4172,38,712
4173,38,827
4174,38,943
4175,38,567
4176,38,625
4177,38,683
4178,38,741
4179,38,798
4180,38,856
4181,38,914
4182,38,972
4183,38,552
4184,39,770
4185,39,655
4186,39,886
4187,39,597
4188,39,712
4189,39,828
4190,39,943
4191,39,568
4192,39,626
4193,39,683
4194,39,741
4195,39,799
4196,39,857
4197,39,914
4198,39,972
4199,39,553
4200,40,770
4201,40,655
4202,40,886
4203,40,598
4204,40,713
4205,40,828
4206,40,943
4207,40,569
4208,40,626
4209,40,684
4210,40,742
4211,40,799
4212,40,857
4213,40,915
4214,40,972
4215,40,554
4216,41,771
4217,41,656
4218,41,886
4219,41,599
4220,41,714
4221,41,829
4222,41,944
4223,41,570
4224,41,627
4225,41,685
4226,41,742
4227,41,800
4228,41,857
4229,41,915
4230,41,972
4231,42,771
4232,42,657
4233,42,886
4234,42,599
4235,42,714
4236,42,829
4237,42,944
4238,42,571
4239,42,628
4240,42,685
4241,42,743
4242,42,800
4243,42,858
4244,42,915
4245,42,972
4246,43,772
4247,43,658
4248,43,887
4249,43,600
4250,43,715
4251,43,829
4252,43,944
4253,43,572
4254,43,629
4255,43,686
4256,43,743
4257,43,801
4258,43,858
4259,43,915
4260,43,972
4261,44,772
4262,44,658
4263,44,887
4264,44,601
4265,44,715
4266,44,830
4267,44,944
4268,44,573
4269,44,630
4270,44,687
4271,44,744
4272,44,801
4273,44,858
4274,44,915
4275,44,972
4276,45,773
4277,45,659
4278,45,887
4279,45,602
4280,45,716
4281,45,830
4282,45,944
4283,45,574
4284,45,631
4285,45,688
4286,45,745
4287,45,802
4288,45,859
4289,45,916
4290,45,973
4291,46,773
4292,46,660
4293,46,887
4294,46,603
4295,46,717
4296,46,830
4297,46,944
4298,46,574
4299,46,631
4300,46,688
4301,46,745
4302,46,802
4303,46,859
4304,46,916
4305,46,973
4306,47,774
4307,47,661
4308,47,888
4309,47,604
4310,47,717
4311,47,831
4312,47,944
4313,47,575
4314,47,632
4315,47,689
4316,47,746
4317,47,802
4318,47,859
4319,47,916
4320,47,973
4321,48,774
4322,48,661
4323,48,888
4324,48,605
4325,48,718
4326,48,831
4327,48,944
4328,48,576
4329,48,633
4330,48,690
4331,48,746
4332,48,803
4333,48,859
4334,48,916
4335,48,973
4336,49,775
4337,49,662
4338,49,888
4339,49,606
4340,49,719
4341,49,832
4342,49,945
4343,49,577
4344,49,634
4345,49,690
4346,49,747
4347,49,803
4348,49,860
4349,49,916
4350,49,973
4351,50,775
4352,50,663
4353,50,888
4354,50,606
4355,50,719
4356,50,832
4357,50,945
4358,50,578
4359,50,635
4360,50,691
4361,50,747
4362,50,804
4363,50,860
4364,50,916
4365,50,973
4366,51,776
4367,51,664
4368,51,889
4369,51,607
4370,51,720
4371,51,832
4372,51,945
4373,51,579
4374,51,635
4375,51,692
4376,51,748
4377,51,804
4378,51,860
4379,51,917
4380,52,776
4381,52,664
4382,52,889
4383,52,608
4384,52,720
4385,52,833
4386,52,945
4387,52,580
4388,52,636
4389,52,692
4390,52,748
4391,52,805
4392,52,861
4393,52,917
4394,53,777
4395,53,665
4396,53,889
4397,53,609
4398,53,721
4399,53,833
4400,53,945
4401,53,581
4402,53,637
4403,53,693
4404,53,749
4405,53,805
4406,53,861
4407,53,917
4408,54,777
4409,54,666
4410,54,889
4411,54,610
4412,54,722
4413,54,833
4414,54,945
4415,54,582
4416,54,638
4417,54,694
4418,54,750
4419,54,805
4420,54,861
4421,54,917
4422,55,778
4423,55,667
4424,55,890
4425,55,611
4426,55,722
4427,55,834
4428,55,945
4429,55,583
4430,55,639
4431,55,694
4432,55,750
4433,55,806
4434,55,862
4435,56,778
4436,56,667
4437,56,890
4438,56,612
4439,56,723
4440,56,834
4441,56,945
4442,56,584
4443,56,639
4444,56,695
4445,56,751
4446,56,806
4447,56,862
4448,57,779
4449,57,668
4450,57,890
4451,57,613
4452,57,724
4453,57,835
4454,57,946
4455,57,585
4456,57,640
4457,57,696
4458,57,751
4459,57,807
4460,57,862
4461,58,779
4462,58,669
4463,58,890
4464,58,613
4465,58,724
4466,58,835
4467,58,946
4468,58,586
4469,58,641
4470,58,696
4471,58,752
4472,58,807
4473,58,863
4474,59,780
4475,59,670
4476,59,891
4477,59,614
4478,59,725
4479,59,835
4480,59,946
4481,59,587
4482,59,642
4483,59,697
4484,59,752
4485,59,808
4486,59,863
4487,60,780
4488,60,670
4489,60,891
4490,60,615
4491,60,725
4492,60,836
4493,60,946
4494,60,588
4495,60,643
4496,60,698
4497,60,753
4498,60,808
4499,60,863
4500,61,781
4501,61,671
4502,61,891
4503,61,616
4504,61,726
4505,61,836
4506,61,946
4507,61,589
4508,61,644
4509,61,699
4510,61,754
4511,61,809
4512,61,864
4513,62,781
4514,62,672
4515,62,891
4516,62,617
4517,62,727
4518,62,836
4519,62,946
4520,62,589
4521,62,644
4522,62,699
4523,62,754
4524,62,809
4525,63,782
4526,63,673
4527,63,892
4528,63,618
4529,63,727
4530,63,837
4531,63,946
4532,63,590
4533,63,645
4534,63,700
4535,63,755
4536,63,809
4537,64,782
4538,64,673
4539,64,892
4540,64,619
4541,64,728
4542,64,837
4543,64,946
4544,64,591
4545,64,646
4546,64,701
4547,64,755
4548,64,810
4549,65,783
4550,65,674
4551,65,892
4552,65,620
4553,65,729
4554,65,838
4555,65,947
4556,65,592
4557,65,647
4558,65,701
4559,65,756
4560,65,810
4561,66,783
4562,66,675
4563,66,892
4564,66,620
4565,66,729
4566,66,838
4567,66,947
4568,66,593
4569,66,648
4570,66,702
4571,66,756
4572,66,811
4573,67,784
4574,67,676
4575,67,893
4576,67,621
4577,67,730
4578,67,838
4579,67,947
4580,67,594
4581,67,648
4582,67,703
4583,67,757
4584,67,811
4585,68,784
4586,68,676
4587,68,893
4588,68,622
4589,68,730
4590,68,839
4591,68,947
4592,68,595
4593,68,649
4594,68,703
4595,68,757
4596,68,812
4597,69,785
4598,69,677
4599,69,893
4600,69,623
4601,69,731
4602,69,839
4603,69,947
4604,69,596
4605,69,650
4606,69,704
4607,69,758
4608,69,812
4609,70,785
4610,70,678
4611,70,893
4612,70,624
4613,70,732
4614,70,839
4615,70,947
4616,70,597
4617,70,651
4618,70,705
4619,70,759
4620,70,812
4621,71,786
4622,71,679
4623,71,894
4624,71,625
4625,71,732
4626,71,840
4627,71,947
4628,71,598
4629,71,652
4630,71,705
4631,71,759
4632,71,813
4633,72,786
4634,72,679
4635,72,894
4636,72,626
4637,72,733
4638,72,840
4639,72,947
4640,72,599
4641,72,652
4642,72,706
4643,72,760
4644,72,813
4645,73,787
4646,73,680
4647,73,894
4648,73,627
4649,73,734
4650,73,841
4651,73,948
4652,73,600
4653,73,653
4654,73,707
4655,73,760
4656,73,814
4657,74,787
4658,74,681
4659,74,894
4660,74,627
4661,74,734
4662,74,841
4663,74,948
4664,74,601
4665,74,654
4666,74,707
4667,74,761
4668,74,814
4669,75,788
4670,75,682
4671,75,895
4672,75,628
4673,75,735
4674,75,841
4675,75,948
4676,75,602
4677,75,655
4678,75,708
4679,75,761
4680,75,815
4681,76,788
4682,76,682
4683,76,895
4684,76,629
4685,76,735
4686,76,842
4687,76,948
4688,76,603
4689,76,656
4690,76,709
4691,76,762
4692,77,789
4693,77,683
4694,77,895
4695,77,630
4696,77,736
4697,77,842
4698,77,948
4699,77,604
4700,77,657
4701,77,710
4702,77,763
4703,78,789
4704,78,684
4705,78,895
4706,78,631
4707,78,737
4708,78,842
4709,78,948
4710,78,604
4711,78,657
4712,78,710
4713,78,763
4714,79,790
4715,79,685
4716,79,896
4717,79,632
4718,79,737
4719,79,843
4720,79,948
4721,79,605
4722,79,658
4723,79,711
4724,79,764
4725,80,790
4726,80,685
4727,80,896
4728,80,633
4729,80,738
4730,80,843
4731,80,948
4732,80,606
4733,80,659
4734,80,712
4735,80,764
4736,81,791
4737,81,686
4738,81,896
4739,81,634
4740,81,739
4741,81,844
4742,81,949
4743,81,607
4744,81,660
4745,81,712
4746,81,765
4747,82,791
4748,82,687
4749,82,896
4750,82,634
4751,82,739
4752,82,844
4753,82,949
4754,82,608
4755,82,661
4756,82,713
4757,82,765
4758,83,792
4759,83,688
4760,83,897
4761,83,635
4762,83,740
4763,83,844
4764,83,949
4765,83,609
4766,83,661
4767,83,714
4768,83,766
4769,84,792
4770,84,688
4771,84,897
4772,84,636
4773,84,740
4774,84,845
4775,84,949
4776,84,610
4777,84,662
4778,84,714
4779,84,766
4780,85,793
4781,85,689
4782,85,897
4783,85,637
4784,85,741
4785,85,845
4786,85,949
4787,85,611
4788,85,663
4789,85,715
4790,85,767
4791,86,793
4792,86,690
4793,86,897
4794,86,638
4795,86,742
4796,86,845
4797,86,949
4798,86,612
4799,86,664
4800,86,716
4801,86,768
4802,87,794
4803,87,691
4804,87,898
4805,87,639
4806,87,742
4807,87,846
4808,87,949
4809,87,613
4810,87,665
4811,87,716
4812,87,768
4813,88,794
4814,88,691
4815,88,898
4816,88,640
4817,88,743
4818,88,846
4819,88,949
4820,88,614
4821,88,665
4822,88,717
4823,89,795
4824,89,692
4825,89,898
4826,89,641
4827,89,744
4828,89,847
4829,89,950
4830,89,615
4831,89,666
4832,89,718
4833,90,795
4834,90,693
4835,90,898
4836,90,641
4837,90,744
4838,90,847
4839,90,950
4840,90,616
4841,90,667
4842,90,718
4843,91,796
4844,91,694
4845,91,899
4846,91,642
4847,91,745
4848,91,847
4849,91,950
4850,91,617
4851,91,668
4852,91,719
4853,92,796
4854,92,694
4855,92,899
4856,92,643
4857,92,745
4858,92,848
4859,92,950
4860,92,618
4861,92,669
4862,92,720
4863,93,797
4864,93,695
4865,93,899
4866,93,644
4867,93,746
4868,93,848
4869,93,950
4870,93,619
4871,93,670
4872,93,721
4873,94,797
4874,94,696
4875,94,899
4876,94,645
4877,94,747
4878,94,848
4879,94,950
4880,94,619
4881,94,670
4882,94,721
4883,95,798
4884,95,697
4885,95,900
4886,95,646
4887,95,747
4888,95,849
4889,95,950
4890,95,620
4891,95,671
4892,95,722
4893,96,798
4894,96,697
4895,96,900
4896,96,647
4897,96,748
4898,96,849
4899,96,950
4900,96,621
4901,96,672
4902,96,723
4903,97,799
4904,97,698
4905,97,900
4906,97,648
4907,97,749
4908,97,850
4909,97,951
4910,97,622
4911,97,673
4912,97,723
4913,98,799
4914,98,699
4915,98,900
4916,98,648
4917,98,749
4918,98,850
4919,98,951
4920,98,623
4921,98,674
4922,98,724
4923,99,800
4924,99,700
4925,99,901
4926,99,649
4927,99,750
4928,99,850
4929,99,951
4930,99,624
4931,99,674
4932,99,725
4933,100,800
4934,100,700
4935,100,901
4936,100,650
4937,100,750
4938,100,851
4939,100,951
4940,100,625
4941,100,675
4942,100,725
4943,101,801
4944,101,701
4945,101,901
4946,101,651
4947,101,751
4948,101,851
4949,101,951
4950,101,626
4951,101,676
4952,101,726
4953,102,801
4954,102,702
4955,102,901
4956,102,652
4957,102,752
4958,102,851
4959,102,951
4960,102,627
4961,102,677
4962,102,727
4963,103,802
4964,103,703
4965,103,902
4966,103,653
4967,103,752
4968,103,852
4969,103,951
4970,103,628
4971,103,678
4972,104,802
4973,104,703
4974,104,902
4975,104,654
4976,104,753
4977,104,852
4978,104,951
4979,104,629
4980,104,678
4981,105,803
4982,105,704
4983,105,902
4984,105,655
4985,105,754
4986,105,853
4987,105,952
4988,105,630
4989,105,679
4990,106,803
4991,106,705
4992,106,902
4993,106,655
4994,106,754
4995,106,853
4996,106,952
4997,106,631
4998,106,680
4999,107,804
5000,107,706
5001,107,903
5002,107,656
5003,107,755
5004,107,853
5005,107,952
5006,107,632
5007,107,681
5008,108,804
5009,108,706
5010,108,903
5011,108,657
5012,108,755
5013,108,854
5014,108,952
5015,108,633
5016,108,682
5017,109,805
5018,109,707
5019,109,903
5020,109,658
5021,109,756
5022,109,854
5023,109,952
5024,109,634
5025,109,683
5026,110,805
5027,110,708
5028,110,903
5029,110,659
5030,110,757
5031,110,854
5032,110,952
5033,110,634
5034,110,683
5035,111,806
5036,111,709
5037,111,904
5038,111,660
5039,111,757
5040,111,855
5041,111,952
5042,111,635
5043,111,684
5044,112,806
5045,112,709
5046,112,904
5047,112,661
5048,112,758
5049,112,855
5050,112,952
5051,112,636
5052,112,685
5053,113,807
5054,113,710
5055,113,904
5056,113,662
5057,113,759
5058,113,856
5059,113,953
5060,113,637
5061,113,686
5062,114,807
5063,114,711
5064,114,904
5065,114,662
5066,114,759
5067,114,856
5068,114,953
5069,114,638
5070,114,687
5071,115,808
5072,115,712
5073,115,905
5074,115,663
5075,115,760
5076,115,856
5077,115,953
5078,115,639
5079,115,687
5080,116,808
5081,116,712
5082,116,905
5083,116,664
5084,116,760
5085,116,857
5086,116,953
5087,116,640
5088,116,688
5089,117,809
5090,117,713
5091,117,905
5092,117,665
5093,117,761
5094,117,857
5095,117,953
5096,117,641
5097,118,809
5098,118,714
5099,118,905
5100,118,666
5101,118,762
5102,118,857
5103,118,953
5104,118,642
5105,119,810
5106,119,715
5107,119,906
5108,119,667
5109,119,762
5110,119,858
5111,119,953
5112,119,643
5113,120,810
5114,120,715
5115,120,906
5116,120,668
5117,120,763
5118,120,858
5119,120,953
5120,120,644
5121,121,811
5122,121,716
5123,121,906
5124,121,669
5125,121,764
5126,121,859
5127,121,954
5128,121,645
5129,122,811
5130,122,717
5131,122,906
5132,122,669
5133,122,764
5134,122,859
5135,122,954
5136,122,646
5137,123,812
5138,123,718
5139,123,907
5140,123,670
5141,123,765
5142,123,859
5143,123,954
5144,123,647
5145,124,812
5146,124,718
5147,124,907
5148,124,671
5149,124,765
5150,124,860
5151,124,954
5152,124,648
5153,125,813
5154,125,719
5155,125,907
5156,125,672
5157,125,766
5158,125,860
5159,125,954
5160,125,649
5161,126,813
5162,126,720
5163,126,907
5164,126,673
5165,126,767
5166,126,860
5167,126,954
5168,126,649
5169,127,814
5170,127,721
5171,127,908
5172,127,674
5173,127,767
5174,127,861
5175,127,954
5176,128,814
5177,128,721
5178,128,908
5179,128,675
5180,128,768
5181,128,861
5182,128,954
5183,129,815
5184,129,722
5185,129,908
5186,129,676
5187,129,769
5188,129,862
5189,129,955
5190,130,815
5191,130,723
5192,130,908
5193,130,676
5194,130,769
5195,130,862
5196,130,955
5197,131,816
5198,131,724
5199,131,909
5200,131,677
5201,131,770
5202,131,862
5203,131,955
5204,132,816
5205,132,724
5206,132,909
5207,132,678
5208,132,770
5209,132,863
5210,132,955
5211,133,817
5212,133,725
5213,133,909
5214,133,679
5215,133,771
5216,133,863
5217,133,955
5218,134,817
5219,134,726
5220,134,909
5221,134,680
5222,134,772
5223,134,863
5224,134,955
5225,135,818
5226,135,727
5227,135,910
5228,135,681
5229,135,772
5230,135,864
5231,135,955
5232,136,818
5233,136,727
5234,136,910
5235,136,682
5236,136,773
5237,136,864
5238,136,955
5239,137,819
5240,137,728
5241,137,910
5242,137,683
5243,137,774
5244,137,865
5245,137,956
5246,138,819
5247,138,729
5248,138,910
5249,138,683
5250,138,774
5251,138,865
5252,138,956
5253,139,820
5254,139,730
5255,139,911
5256,139,684
5257,139,775
5258,139,865
5259,139,956
5260,140,820
5261,140,730
5262,140,911
5263,140,685
5264,140,775
5265,140,866
5266,140,956
5267,141,821
5268,141,731
5269,141,911
5270,141,686
5271,141,776
5272,141,866
5273,141,956
5274,142,821
5275,142,732
5276,142,911
5277,142,687
5278,142,777
5279,142,866
5280,142,956
5281,143,822
5282,143,733
5283,143,912
5284,143,688
5285,143,777
5286,143,867
5287,143,956
5288,144,822
5289,144,733
5290,144,912
5291,144,689
5292,144,778
5293,144,867
5294,144,956
5295,145,823
5296,145,734
5297,145,912
5298,145,690
5299,145,779
5300,145,868
5301,145,957
5302,146,823
5303,146,735
5304,146,912
5305,146,690
5306,146,779
5307,146,868
5308,146,957
5309,147,824
5310,147,736
5311,147,913
5312,147,691
5313,147,780
5314,147,868
5315,147,957
5316,148,824
5317,148,736
5318,148,913
5319,148,692
5320,148,780
5321,148,869
5322,148,957
5323,149,825
5324,149,737
5325,149,913
5326,149,693
5327,149,781
5328,149,869
5329,149,957
5330,150,825
5331,150,738
5332,150,913
5333,150,694
5334,150,782
5335,150,869
5336,150,957
5337,151,826
5338,151,739
5339,151,914
5340,151,695
5341,151,782
5342,151,870
5343,152,826
5344,152,739
5345,152,914
5346,152,696
5347,152,783
5348,152,870
5349,153,827
5350,153,740
5351,153,914
5352,153,697
5353,153,784
5354,153,871
5355,154,827
5356,154,741
5357,154,914
5358,154,697
5359,154,784
5360,154,871
5361,155,828
5362,155,742
5363,155,915
5364,155,698
5365,155,785
5366,155,871
5367,156,828
5368,156,742
5369,156,915
5370,156,699
5371,156,785
5372,156,872
5373,157,829
5374,157,743
5375,157,915
5376,157,700
5377,157,786
5378,157,872
5379,158,829
5380,158,744
5381,158,915
5382,158,701
5383,158,787
5384,158,872
5385,159,830
5386,159,745
5387,159,916
5388,159,702
5389,159,787
5390,159,873
5391,160,830
5392,160,745
5393,160,916
5394,160,703
5395,160,788
5396,160,873
5397,161,831
5398,161,746
5399,161,916
5400,161,704
5401,161,789
5402,161,874
5403,162,831
5404,162,747
5405,162,916
5406,162,704
5407,162,789
5408,162,874
5409,163,832
5410,163,748
5411,163,917
5412,163,705
5413,163,790
5414,163,874
5415,164,832
5416,164,748
5417,164,917
5418,164,706
5419,164,790
5420,164,875
5421,165,833
5422,165,749
5423,165,917
5424,165,707
5425,165,791
5426,165,875
5427,166,833
5428,166,750
5429,166,917
5430,166,708
5431,166,792
5432,166,875
5433,167,834
5434,167,751
5435,167,918
5436,167,709
5437,167,792
5438,167,876
5439,168,834
5440,168,751
5441,168,918
5442,168,710
5443,168,793
5444,168,876
5445,169,835
5446,169,752
5447,169,918
5448,169,711
5449,169,794
5450,169,877
5451,170,835
5452,170,753
5453,170,918
5454,170,711
5455,170,794
5456,170,877
5457,171,836
5458,171,754
5459,171,919
5460,171,712
5461,171,795
5462,171,877
5463,172,836
5464,172,754
5465,172,919
5466,172,713
5467,172,795
5468,172,878
5469,173,837
5470,173,755
5471,173,919
5472,173,714
5473,173,796
5474,173,878
5475,174,837
5476,174,756
5477,174,919
5478,174,715
5479,174,797
5480,174,878
5481,175,838
5482,175,757
5483,175,920
5484,175,716
5485,175,797
5486,175,879
5487,176,838
5488,176,757
5489,176,920
5490,176,717
5491,176,798
5492,176,879
5493,177,839
5494,177,758
5495,177,920
5496,177,718
5497,177,799
5498,177,880
5499,178,839
5500,178,759
5501,178,920
5502,178,718
5503,178,799
5504,178,880
5505,179,840
5506,179,760
5507,179,921
5508,179,719
5509,179,800
5510,179,880
5511,180,840
5512,180,760
5513,180,921
5514,180,720
5515,180,800
5516,180,881
5517,181,841
5518,181,761
5519,181,921
5520,181,721
5521,181,801
5522,182,841
5523,182,762
5524,182,921
5525,182,722
5526,182,802
5527,183,842
5528,183,763
5529,183,922
5530,183,723
5531,183,802
5532,184,842
5533,184,763
5534,184,922
5535,184,724
5536,184,803
5537,185,843
5538,185,764
5539,185,922
5540,185,725
5541,185,804
5542,186,843
5543,186,765
5544,186,922
5545,186,725
5546,186,804
5547,187,844
5548,187,766
5549,187,923
5550,187,726
5551,187,805
5552,188,844
5553,188,766
5554,188,923
5555,188,727
5556,188,805
5557,189,845
5558,189,767
5559,189,923
5560,189,728
5561,189,806
5562,190,845
5563,190,768
5564,190,923
5565,190,729
5566,190,807
5567,191,846
5568,191,769
5569,191,924
5570,191,730
5571,191,807
5572,192,846
5573,192,769
5574,192,924
5575,192,731
5576,192,808
5577,193,847
5578,193,770
5579,193,924
5580,193,732
5581,193,809
5582,194,847
5583,194,771
5584,194,924
5585,194,732
5586,194,809
5587,195,848
5588,195,772
5589,195,925
5590,195,733
5591,195,810
5592,196,848
5593,196,772
5594,196,925
5595,196,734
5596,196,810
5597,197,849
5598,197,773
5599,197,925
5600,197,735
5601,197,811
5602,198,849
5603,198,774
5604,198,925
5605,198,736
5606,198,812
5607,199,850
5608,199,775
5609,199,926
5610,199,737
5611,199,812
5612,200,850
5613,200,775
5614,200,926
5615,200,738
5616,200,813
5617,201,851
5618,201,776
5619,201,926
5620,201,739
5621,201,814
5622,202,851
5623,202,777
5624,202,926
5625,202,739
5626,202,814
5627,203,852
5628,203,778
5629,203,927
5630,203,740
5631,203,815
5632,204,852
5633,204,778
5634,204,927
5635,204,741
5636,204,815
5637,205,853
5638,205,779
5639,205,927
5640,205,742
5641,205,816
5642,206,853
5643,206,780
5644,206,927
5645,206,743
5646,206,817
5647,207,854
5648,207,781
5649,207,928
5650,207,744
5651,207,817
5652,208,854
5653,208,781
5654,208,928
5655,208,745
5656,208,818
5657,209,855
5658,209,782
5659,209,928
5660,209,746
5661,209,819
5662,210,855
5663,210,783
5664,210,928
5665,210,746
5666,210,819
5667,211,856
5668,211,784
5669,211,929
5670,211,747
5671,211,820
5672,212,856
5673,212,784
5674,212,929
5675,212,748
5676,212,820
5677,213,857
5678,213,785
5679,213,929
5680,213,749
5681,213,821
5682,214,857
5683,214,786
5684,214,929
5685,214,750
5686,214,822
5687,215,858
5688,215,787
5689,215,930
5690,215,751
5691,215,822
5692,216,858
5693,216,787
5694,216,930
5695,216,752
5696,216,823
5697,217,859
5698,217,788
5699,217,930
5700,217,753
5701,217,824
5702,218,859
5703,218,789
5704,218,930
5705,218,753
5706,219,860
5707,219,790
5708,219,931
5709,219,754
5710,220,860
5711,220,790
5712,220,931
5713,220,755
5714,221,861
5715,221,791
5716,221,931
5717,221,756
5718,222,861
5719,222,792
5720,222,931
5721,222,757
5722,223,862
5723,223,793
5724,223,932
5725,223,758
5726,224,862
5727,224,793
5728,224,932
5729,224,759
5730,225,863
5731,225,794
5732,225,932
5733,225,760
5734,226,863
5735,226,795
5736,226,932
5737,226,760
5738,227,864
5739,227,796
5740,227,933
5741,227,761
5742,228,864
5743,228,796
5744,228,933
5745,228,762
5746,229,865
5747,229,797
5748,229,933
5749,229,763
5750,230,865
5751,230,798
5752,230,933
5753,230,764
5754,231,866
5755,231,799
5756,231,934
5757,231,765
5758,232,866
5759,232,799
5760,232,934
5761,232,766
5762,233,867
5763,233,800
5764,233,934
5765,233,767
5766,234,867
5767,234,801
5768,234,934
5769,234,767
5770,235,868
5771,235,802
5772,235,935
5773,235,768
5774,236,868
5775,236,802
5776,236,935
5777,236,769
5778,237,869
5779,237,803
5780,237,935
5781,237,770
5782,238,869
5783,238,804
5784,238,935
5785,238,771
5786,239,870
5787,239,805
5788,239,936
5789,239,772
5790,240,870
5791,240,805
5792,240,936
5793,240,773
5794,241,871
5795,241,806
5796,241,936
5797,241,774
5798,242,871
5799,242,807
5800,242,936
5801,242,774
5802,243,872
5803,243,808
5804,243,937
5805,243,775
5806,244,872
5807,244,808
5808,244,937
5809,244,776
5810,245,873
5811,245,809
5812,245,937
5813,245,777
5814,246,873
5815,246,810
5816,246,937
5817,246,778
5818,247,874
5819,247,811
5820,247,938
5821,247,779
5822,248,874
5823,248,811
5824,248,938
5825,248,780
5826,249,875
5827,249,812
5828,249,938
5829,249,781
5830,250,875
5831,250,813
5832,250,938
5833,250,781
5834,251,876
5835,251,814
5836,251,939
5837,251,782
5838,252,876
5839,252,814
5840,252,939
5841,252,783
5842,253,877
5843,253,815
5844,253,939
5845,253,784
5846,254,877
5847,254,816
5848,254,939
5849,254,785
5850,255,878
5851,255,817
5852,255,940
5853,255,786
5854,256,878
5855,256,817
5856,256,940
5857,256,787
5858,257,879
5859,257,818
5860,257,940
5861,257,788
5862,258,879
5863,258,819
5864,258,940
5865,258,788
5866,259,880
5867,259,820
5868,259,941
5869,259,789
5870,260,880
5871,260,820
5872,260,941
5873,260,790
5874,261,881
5875,261,821
5876,261,941
5877,261,791
5878,262,881
5879,262,822
5880,262,941
5881,262,792
5882,263,882
5883,263,823
5884,263,942
5885,263,793
5886,264,882
5887,264,823
5888,264,942
5889,264,794
5890,265,883
5891,265,824
5892,265,942
5893,265,795
5894,266,883
5895,266,825
5896,266,942
5897,266,795
5898,267,884
5899,267,826
5900,267,943
5901,267,796
5902,268,884
5903,268,826
5904,268,943
5905,269,885
5906,269,827
5907,269,943
5908,270,885
5909,270,828
5910,270,943
5911,271,886
5912,271,829
5913,271,944
5914,272,886
5915,272,829
5916,272,944
5917,273,887
5918,273,830
5919,273,944
5920,274,887
5921,274,831
5922,274,944
5923,275,888
5924,275,832
5925,275,945
5926,276,888
5927,276,832
5928,276,945
5929,277,889
5930,277,833
5931,277,945
5932,278,889
5933,278,834
5934,278,945
5935,279,890
5936,279,835
5937,279,946
5938,280,890
5939,280,835
5940,280,946
5941,281,891
5942,281,836
5943,281,946
5944,282,891
5945,282,837
5946,282,946
5947,283,892
5948,283,838
5949,283,947
5950,284,892
5951,284,838
5952,284,947
5953,285,893
5954,285,839
5955,285,947
5956,286,893
5957,286,840
5958,286,947
5959,287,894
5960,287,841
5961,287,948
5962,288,894
5963,288,841
5964,288,948
5965,289,895
5966,289,842
5967,289,948
5968,290,895
5969,290,843
5970,290,948
5971,291,896
5972,291,844
5973,291,949
5974,292,896
5975,292,844
5976,292,949
5977,293,897
5978,293,845
5979,293,949
5980,294,897
5981,294,846
5982,294,949
5983,295,898
5984,295,847
5985,295,950
5986,296,898
5987,296,847
5988,296,950
5989,297,899
5990,297,848
5991,297,950
5992,298,899
5993,298,849
5994,298,950
5995,299,900
5996,299,850
5997,299,951
5998,300,900
5999,300,850
6000,300,951
6001,301,901
6002,301,851
6003,301,951
6004,302,901
6005,302,852
6006,302,951
6007,303,902
6008,303,853
6009,303,952
6010,304,902
6011,304,853
6012,304,952
6013,305,903
6014,305,854
6015,305,952
6016,306,903
6017,306,855
6018,306,952
6019,307,904
6020,307,856
6021,307,953
6022,308,904
6023,308,856
6024,308,953
6025,309,905
6026,309,857
6027,309,953
6028,310,905
6029,310,858
6030,310,953
6031,311,906
6032,311,859
6033,311,954
6034,312,906
6035,312,859
6036,312,954
6037,313,907
6038,313,860
6039,314,907
6040,314,861
6041,315,908
6042,315,862
6043,316,908
6044,316,862
6045,317,909
6046,317,863
6047,318,909
6048,318,864
6049,319,910
6050,319,865
6051,320,910
6052,320,865
6053,321,911
6054,321,866
6055,322,911
6056,322,867
6057,323,912
6058,323,868
6059,324,912
6060,324,868
6061,325,913
6062,325,869
6063,326,913
6064,326,870
6065,327,914
6066,327,871
6067,328,914
6068,328,871
6069,329,915
6070,329,872
6071,330,915
6072,330,873
6073,331,916
6074,331,874
6075,332,916
6076,332,874
6077,333,917
6078,333,875
6079,334,917
6080,334,876
6081,335,918
6082,335,877
6083,336,918
6084,336,877
6085,337,919
6086,337,878
6087,338,919
6088,338,879
6089,339,920
6090,339,880
6091,340,920
6092,340,880
6093,341,921
6094,341,881
6095,342,921
6096,342,882
6097,343,922
6098,343,883
6099,344,922
6100,344,883
6101,345,923
6102,345,884
6103,346,923
6104,346,885
6105,347,924
6106,347,886
6107,348,924
6108,348,886
6109,349,925
6110,349,887
6111,350,925
6112,350,888
6113,351,926
6114,351,889
6115,352,926
6116,352,889
6117,353,927
6118,353,890
6119,354,927
6120,354,891
6121,355,928
6122,355,892
6123,356,928
6124,356,892
6125,357,929
6126,357,893
6127,358,929
6128,358,894
6129,359,930
6130,359,895
6131,360,930
6132,360,895
6133,361,931
6134,361,896
6135,362,931
6136,362,897
6137,363,932
6138,363,898
6139,364,932
6140,364,898
6141,365,933
6142,365,899
6143,366,933
6144,366,900
6145,367,934
6146,367,901
6147,368,934
6148,368,901
6149,369,935
6150,369,902
6151,370,935
6152,370,903
6153,371,936
6154,371,904
6155,372,936
6156,373,937
6157,374,937
6158,375,938
6159,376,938
6160,377,939
6161,378,939
6162,379,940
6163,380,940
6164,381,941
6165,382,941
6166,383,942
6167,384,942
6168,385,943
6169,386,943
6170,387,944
6171,388,944
6172,389,945
6173,390,945
6174,391,946
6175,392,946
6176,393,947
6177,394,947
6178,395,948
6179,396,948
6180,397,949
6181,398,949
6182,399,950
6183,400,950
6184,401,951
6185,402,951
6186,403,952
6187,404,952
6188,405,953
6189,406,953
6190,407,954
6191,408,954
6192,409,955
6193,410,955
6194,411,956
6195,412,956
6196,413,957
6197,414,957
6198,415,958
6199,416,958
6200,417,959
6201,418,959
6202,419,960
6203,420,960
6204,421,961
6205,422,961
6206,423,962
6207,424,962
6208,425,963
6209,426,963
6210,427,964
6211,428,964
6212,429,965
6213,430,965
6214,431,966
6215,432,966
6216,433,967
6217,434,967
6218,435,968
6219,436,968
6220,437,969
6221,438,969
6222,439,970
6223,440,970
6224,441,971
6225,442,971
6226,443,972
6227,444,972
6228,445,973
6229,446,973
6230,447,974
6231,448,974
6232,449,975
6233,450,975
6234,451,976
6235,452,976
6236,453,977
6237,454,977
6238,455,978
6239,456,978
6240,457,979
6241,458,979
6242,459,980
6243,460,980
6244,461,981
6245,462,981
6246,463,982
6247,464,982
6248,465,983
6249,466,983
6250,467,984
6251,468,984
6252,469,985
6253,470,985
6254,471,986
6255,472,986
6256,473,987
6257,474,987
6258,475,988
6259,476,988
6260,477,989
6261,478,989
6262,479,990
6263,480,990
6264,481,991
6265,482,991
6266,483,992
6267,484,992
6268,485,993
6269,486,993
6270,487,994
6271,488,994
6272,489,995
6273,490,995
6274,491,996
6275,492,996
6276,493,997
6277,494,997
6278,495,998
6279,496,998
6280,497,999
6281,498,999
6282,499,1000
6283,500,1000
